,level_0,index,id,sequence,seqlens
0,0,0,0,AALEPTDSGAPSAIVMFPVGEKPNPKGAAMKPVVFNHLIHEKKIADCETCHHTGDPVSCSTCHTVEGKAEGDYITLDRAMHATDIAARAKGNTPTSCVSCHQSETKERRECAGCHAITTPKDDEAWCATCHDITP,135
1,1,1,1,VAPVSPMLAPYKVVIDALADKYEPSDFTHRRHLTSLMESIKDDKLAQAFHDKPEILCATCHHRSPLSLTPPKCGSCHTKEIDAADPGRPNLMAAYHLECMGCHKGMAVARPRDTDCTTCHKAAA,124
2,2,2,2,PSQMEHAMETMMFTFHKFAGDKGYLTKEDLRVLMEKEFPGFLENQ,45
3,3,3,3,KDPLAVDKIMKDLDQCRDGKVGFQSFFSLIAGLTIACNDYFVVHMKQ,47
4,4,4,4,RREPLGVCAGILAWNYPFMIAAWKCAPALACGNAVVFKPSPMTPVTGVILAEIFHEAGVPVGLVNVVQGGAETGSLLCHHPNVAKVSFTGSVPTGKKVMEMSAKTVKHVTLELG,114
5,5,5,5,GKSPLLIFKDCELENAVRGALMANFLTQGQVCTNGTRVFVQREIMPQFLEEVVKRTKAIVVGDPLLTETRMGGLISKPQLDKVLGFVAQAKKEGARVLCGGEPLTPSDPKLKNGYFMSPCVLDNCRDDMTCVKEEIFGPVMSVLPFDTEEEVLQRANNTTFGLASGVFTRDISRAHRVAANLEAGTCYINTYSISPV,197
6,6,6,6,REQGKNAQRNNIEAAKAIADAVRTTLGPKGMDKMLVDSIGDIIISNDGATILKEMDVEHPTAKMIVEVSKAQDTAVGDGTTTAVVLSGELLKQAETLLDQGV,102
7,7,7,7,HPTVISNGYRLAVNEARKIIDEIAEKSFLWGGGAVEAELAMRLAKYANSVGGREQLAIEAFAKALEIIPRTLAENAGIDPINTLIKLKADDEKGRISVGVDLDNNGVGDMKAKGVVDPLRVKTHALESAVEVATMILRIDDVI,143
8,8,8,8,MGLISDADKKVIKEEFFSKMVNPVKLIVFVRKDHCQYCDQLKQLVQELSELTDKLSYEIVDFDTPEGKELAKRYRIDRAPATTITQDGKDFGVRYFGLPAGHEFAAFLEDIVDVSREET,119
9,9,9,9,NLMDETKQAIRNIDQDVRILVFVTPTCPYCPLAVRMAHKFAIENTKAGKGKILGDMVEAIEYPEWADQYNVMAVPKIVIQVNGEDRVEFEGAYPEKMFLEKLLSALS,107
10,10,10,10,MHPRFQTAFAQLADNLQSALEPILADKYFPALLTGEQVSSLKSATGLDEDALAFALLPLAAACARTPLSNFNVGAIARGVSGTWYFGANMEFIGATMQQTVHAEQSAISHAWLSGEKALAAITVNYTPCGHCRQFMNELNSGLDLRIHLP,150
11,11,11,11,GREAHALRDYLPDAFGPKDLEIKTLLMDEQDHGYALTGDALSQAAIAAANRSHMPYSKSPSGVALECKDGRIFSGSYAENAAFNPTLPPLQGALILLNLKGYDYPDIQRAVLAEKADAPLIQWDATSATLKALGCHSIDRVLLA,144
12,12,12,12,KNSLLEKRPEDVVIVAANRSAIGKGFKGAFKDVNTDYLLYNFLNEFIGRFPEPLRADLNLIEEVACGNVLNVGAGATEHRAACLASGIPYSTPFVALNRQCSSGLTAVNDIANKIKVGQIDIGLALGVESMTNNYKNVNPLGMISSEELQKNREAKKCLIPMGITNENVAANFKISRKDQDEFAANSYQKAYKAKNEGLFEDEILPIKLPDGSICQSDEGPRPNVTAESLSSIRPAFIKDRGTTTAGNASQVSDGVAGVLLARRSVANQLN,271
13,13,13,13,LPVLGRYIDFQTVGVPPEIMGVGPAYAIPKVLEATGLQVQDIDIFEINEAFAAQALYCIHKLGIDLNKVNPRGGAIALGHPLGCTGARQVATILRELKKDQIGVVSMCIGTGMGAAAIFIKE,122
14,14,14,14,ENAAPAQAAVSDRAWALFRALDGKGLVPDGYVEGWKKTFEEDFSPRRGAELVARAWTDPEFRQLLLTDGTAAVAQYGYLGPQGEYIVAVEDTPTLKNVIVCSLCSCTAWP,110
15,15,15,15,ILGLPPTWYKSFEYRARVVREPRKVLSEMGTEIASDIEIRVYDTTAETRYMVLPQRPAGTEGWSQEQLQEIVTKDCLIGVAIPQVPTV,88
16,16,16,16,RGYQSYLITLPKDGDLKQAVDIIRPLRLGMALQNVPTIRHILLDAAVLGDKRSYSSRTEPLSDEELDKIAKQLNLGRWNFYGALYGPEPIRRVLWETIKDAFSAIPGVKFYFPEDTPENSVLRVRDKTMQGIPTYDELKWIDWLPN,146
17,17,17,17,GAHLFFSPIAKVSGEDAMMQYAVTKKRCQEAGLDFIGTFTVGMREMHHIVCIVFNKKDLIQKRKVQWLMRTLIDDCAANGWGEYRTHLAFMDQIMETYNWNNSSFLRFNEVLKNAVDPNGIIAPGKSGVWPSQYSHVTWKL,141
18,18,18,18,SKVVVPAQGKKITLQNGKLNVPENPIIPYIEGDGIGVDVTPAMLKVVDAAVEKAYKGERKISWMEIYTGEKSTQVYGQDVWLPAETLDLIREYRVAIKGPLTTPVGGGIRSLNVALRQELDLYICLRPVRYYQGTPSPVKHPELTDMVIFRENSEDIYAGIEWKADSADAEKVIKFLREEMGVKKIRFPEHCGIGIKPCSEEGTKRLVRAAIEYAIAN,218
19,19,19,19,DRDSVTLVHKGNIMKFTEGAFKDWGYQLAREEFGGELIDGGPWLKVKNPNTGKEIVIKDVIADAFLQQILLRPAEYDVIACMNLNGDYISDALAAQVGGIGIAPGANIGDECALFEATHGTAPKYAGQDKVNPGSIILSAEMMLRHMGWTEAADLIVKGMEGAINAKTVTYDFERLMDGAKLLKCSEFGDAIIENM,196
20,20,20,20,LAKGLEDVYIDQTNICYIDGKEGKLYYRGYSVEELAELSTFEEVVYLLWWGKLPSLSELENFKKELAKSRGLPKEVIEIMEALPKNTHPMGALRTIISYLGNIDDSGDIPVTPEEVYRIGISVTAKIPTIVANWYRIKNGLEYV,144
21,21,21,21,PPKEKLSHAANFLYMLHGEEPPKEWEKAMDVALILYAEHEINASTLAVMTVGSTLSDYYSAILAGIGALKGPIHGGAVEEAIKQFMEIGSPEKVEEWFFKALQQKRKIMGAGHRVYKTYDPRARIFKKYASKLGDKKLFEIAERLERLVEEYLSKKGISINVDYWSGLVFYGMKIPIELYTTIFAMGRIAGWTAHLAEYVSHNRIIRPRLQYVGEIGKKYLPIELRR,227
22,22,22,22,MKFVSFNINGLRARPHQLEAIVEKHQPDVIGLQETKVHDDMFPLEEVAKLGYNVFYHGQKGHYGVALLTKETPIAVRRGFPGDDEEAQRRIIMAEIPSLLGN,102
23,23,23,23,VTVINGYFPQGESRDHPIKFPAKAQFYQNLQNYLETELKRDNPVLIMGDMNISPTDLDIGIGEENRKRWLRTGKCSFLPEEREWMDRLMSWGLVDTFRHANPQTADRFSWFDYRSKGFDDNRGLRIDLLLASQPLAECCVETGIDYEIRSMEKPSDHAPVWATFRR,166
24,24,24,24,KYTRGTVTAFSPFDARADAEALRKAMKGMGTDEETILKILTSRNNAQRQEIASAFKTLFGRDLVDDLKSELTGKFETLMVSLMRP,85
25,25,25,25,ARIFDAHALKHAIKGAGTNEKVLTEILASRTPAEVQNIKQVYMQEYEANLEDKITGETSGHFQRLLVVLLQANR,74
26,26,26,26,NRDPDGRVEEALVEKDAQVLFRAGELKWGTDEETFITILGTRSVSHLRRVFDKYMTISGFQIEETIDRETSGDLEKLLLAVVKCIR,86
27,27,27,27,SVPAYFAETLYYSMKGAGTDDDTLIRVMVSRSEIDLLDIRHEFRKNFAKSLYQMIQKDTSGDYRKALLLLCGG,73
28,28,28,28,TGCALWLHRCAEIEGELKCLHGSIMINKEHVIENVVQISNTDARCCVHDAACPANQFSGKSCGMFFSEGAKAQVAFKQIKAFMQALYPNAQT,92
29,29,29,29,GHGHLLMPLRCECNSKPGHAPFLGRQLPKLTPFALSNAEDLDADLISDKSVLASVHHPALIVFQCCNPGGPNCDFKISAPDLLNALVMVRSLWSENFTELPRMVVPEFKWSTKHQYRNVSLPVAHSDARQNPFDF,135
30,30,30,30,YSEEEKYAFVNWINKALENDPDCRHVIPMNPNTDDLFKAVGDGIVLCKMINLSVPDTIDERAINKKKLTPFIIQENLNLALNSASAIGCHVVNIGAEDLRAGKPHLVLGLLWQIIKIGLFADIELSRNEAL,131
31,31,31,31,TLEELMKLSPEELLLRWANFHLENSGWQKINNFSADIKDSKAYFHLLNQIAPKGQKEGEPRIDINMSGFNETDDLKRAESMLQQADKLGCRQFVTPADVVSGNPKLNLAFVANLFN,116
32,32,32,32,MYGNWGRFIRVNLSTGDIKVEEYDEELAKKWLGSRGLAIYLLLKEMDPTVDPLSPENKLIIAAGPLTGTSAPTGGRYNVVTKSPLTGFITMANSGGYFGAELKFAGYDAIVVEGKAE,117
33,33,33,33,KPVYIYIKDEHIEIRDASHIWGKKVSETEATIRKEVGSEKVKIASIGPAGENLVKFAAIMNDGHRAAGRGGVGAVMGSKNLKAIAVEGSKTVP,93
34,34,34,34,CFTPESTALLESGVRKPLGELSIGDRVLSMTANGQAVYSEVILFMDRNLEQMQNFVQLHTDGGAVL,66
35,35,35,35,TVTPAHLVSVWQPESQKLTFVFADRIEEKNQVLVRDVETGELRPQRVVKVGSVRSKGVVAPLTREGTIVVNSVAASCYA,79
36,36,36,36,ASPFRLASAGEISEVQGILRTAGLLGPEKRIAYLGVLDPARGAGSEAEDRRFRVFIHDVSGARPQEVTVSVTNGTVISAVELDTAATG,88
37,37,37,37,ELPVLEEEFEVVEQLLATDERWLKALAARNLDVSKVRVAPLSAGVFEYAEERGRRILRGLAFVQDFPEDSAWAHPVDGLVAYVDVVSKEVTRVIDTGVFPVPAEHGNYTDPELTG,115
38,38,38,38,VSGISAYLLGLIIGDGGLYKLKYKGNRSEYRVVITQKSENLIKQHIAPLMQFLIDELNVKSKIQIVKGDTRYELRVSSKKLYYYFANMLERIRLFNM,97
39,39,39,39,REQIAFIKGLYVAEGDKTLKRLRIWNKNKALLEIVSRWLNNLGVRNTIHLDDHRHGVYVLNISLRDRIKFVHTIL,75
40,40,40,40,TLAIICALLVKVNNLVYAIPIANIDTILSISKEDIQRVQDRDVIVIRGEVIPVYRLWEVL,60
41,41,41,41,QIEHKEELEEMEAVIVRVGNRKYGIVVDDLLGQDDIVIKSLGKVFSEVKEFSGAAILGDGSIALIINVSGIV,72
42,42,42,42,KPRARDLGLPFTGVTGPYNAITDVDGVGVGFQTIIENEPRPGRKRPARSGVTAILPHMQSETPVPVYAGVHRFNGNGEMTGTHWIEDGGYFLGPVVITNTHGIGMAHHATVRWMVDRYASTYQTDDFLWIMPVVAETYDGALNDINGFPVTEADVRKALDNVASGPVQEGNCGGGTGMITYGFKG,185
43,43,43,43,GTGTASRVVEFGGRSFTIGALVQANHGQRDWLTIAGVPVGQHMRDGTPQSQLSIIVVLATDLPLMPHQLKRLARRASIGIGRNGTPGGNNSGDIFIAFSTANQRPMQHRSAPFLDVEMVNDEPLDTVYLAAVDSVEEAVVNAMIAAEDMGGTPFDRLLVQAIDHERLRAVLRQYGRLA,178
44,44,44,44,MKLSKDTIAILKNFASINSGILLSQGKFIMTRAVNGTTYAEANISDEIDFDVALYDLNSFLSILSLVSDDAEISMHTDGNIKIADTRSTVYWPAADKSTIVFPN,104
45,45,45,45,KPIQFPVASVITEIKAEDLQQLLRVSRGLQIDTIAITNKDGKIVINGYNKVEDSGLTRPKYSLTLTDYDGSNNFNFVINMANMKIQPGNYKVMLWGAGDKVAAKFESSQVSYVIAMEADSTHDF,124
46,46,46,46,MRVPFSWLKAYVPELESPEVLEERLAGLGFETDRIERVEEVVLDLEVTPNRPDALGLLGLARDLHALGYALVEPEAA,77
47,47,47,47,PPEAIPFRPEYANRLLGTSYPEAEQIAILKRLGCRVEGEGPTYRVTPPSHRLDLRLEEDLVEEVARIQGYETIPL,75
48,48,48,48,DAKNIKKGPAPFYPLEDGTAGEQLHKAMKRYALVPGTIAFTDAHIEVNITYAEYFEMSVRLAEAMKRYGLNTNHRIVVCSENSLQFFMPVLGALFIGVAVAPANDIYNERELLNSMNISQPTVVFVSKKGLQKILNVQKKLPIIQKIIIMDSKTDYQGFQSMYTFVTSHLPPGFN,175
49,49,49,49,EYDFVPESFDRDKTIALIMNSSTGLPKGVALPHRTACVRFSHARDPIFGNQIIPDTAILSVVPFHHGFGMFTTLGYLICGFRVVLMYRFEEELFLRSLQDYKIQSALLVPTLFSFFAKSTLIDKYDLSNLHEIASGGAPLSKEVGEAVAKRFHL,154
50,50,50,50,HKSEVAHRFKDLGEENFKALVLIAFAQYLQQCPFEDHVKLVNEVTEFAKTCVADESAENCDKSLHTLFGDKLCTVATLRETYGEMADCCAKQEPERNECFLQHKDDNPNLPRLVRPEVDVMCTAFHDNEETFLKKYLYEIARRHPYFYAPELLFFAKRYKAAFTECCQAADKAACLLPKLDELRDEGKASSAKQ,194
51,51,51,51,RLKCASLQKFGERAFKAWAVARLSQRFPKAEFAEVSKLVTDLTKVHTECCHGDLLECADDRADLAKYICENQDSISSKLKECCEKPLLEKSHCIAEVENDEMPADLPSLAADFVESKDVCKNYAEAKDVFLGMFLYEYARRHPDYSVVLLLRLAKTYETTLEKCCAAADPHECYAKVFDEFKPLVEEPQNLI,192
52,52,52,52,KQNCELFEQLGEYKFQNALLVRYTKKVPQVSTPTLVEVSRNLGKVGSKCCKHPEAKRMPCAEDYLSVVLNQLCVLHEKTPVSDRVTKCCTESLVNRRPCFSALEVDETYVPKEFNAETFTFHADICTLSEKERQIKKQTALVELVKHKPKATKEQLKAVMDDFAAFVEKCCKADDKETCFAEEGKKLVAASQAALG,196
53,53,53,53,SVNNSQLVVSVAGTVEGTNQDISLKFFEIDLTSRPHKLEKADLLKAIQEQLIANVHSNDDYFEVIDFASDATITDRNGKVYFADKDGSVTLPTQPVQEFLLSGHVRVRPYKE,112
54,54,54,54,KPIQNQAKSVDVEYTVQFTPLNPDDDTKLLKTLAIGDTITSQELLAQAQSILNKTHPGYTIYERDSSIVTHDNDIFRTILPMDQEFTYHVKNREQAEINNTDLISEKYYVLKKGEKPY,118
55,55,55,55,NTVAAYNLTWKSTNFKTILEWEPKPVNQVYTVQISTKSGDWKSKCFYTTDTECDLTDEIVKDVKQTYLARVFSYPAGNVESTGSAGEPLYENSPEFTPYLET,102
56,56,56,56,NLGQPTIQSFEQVGTKVNVTVEDERTLVRRNNTFLSLRDVFGKDLIYTLYYWKSSSSGKKTAKTNTNEFLIDVDKGENYCFSVQAVIPSRTVNRKSTDSPVECMGQE,107
57,57,57,57,VNPGVVVRISQKGLDYASQQGTAALQKELKRIKIPDYSDSFKIKHLGKGHYSFYSMDIREFQLPSSQISMVPNVGLKFSISNANIKISGKWKAQKRFLKMSGNFDLSIEGMSISADLKLGSNPTSGKPTITCSSCSSHINSVHVHISKSKVGWLIQLFHKKIESALRNKMNSQVCEKVTNSVSSKLQPYFQTLPVMTKIDSVAGINYGLVAPPATTAETLDVQMKGEFYSENHHNPPPFA,240
58,58,58,58,PPVMEFPAAHDRMVYLGLSDYFFNTAGLVYQEAGVLKMTLRDDMIPKESKFRLTTKFFGTFLPEVAKKFPNMKIQIHVSASTPPHLSVQPTGLTFYPAVDVQAFAVLPNSALASLFLIGMHTTGSMEVSAESNRLVGELKLDRLLLELKHSNIGPFPVELLQDIMNYIVPILVLPRVNEKLQKGFPLPTPARVQLYNVVLQPHQNFLLFGADVVYK,216
59,59,59,59,MQFSKMHGLGNDFVVVDGVTQNVFFTPETIRRLANRHCGIGFDQLLIVEAPYDPELDFHYRIFNADGSEVSQCGNGARCFARFVTLKGLTNKKDISVSTQKGNMVLTVKDMNQIRVNMGEPIWEPAKIPFTANKFEKNYILRTD,144
60,60,60,60,IQTVLCGAVSMGNPHCVVQVDDIQTANVEQLGPLLESHERFPERVNAGFMQIINKEHIKLRVYERGAGETQACGSGACAAVAVGIMQGLLNNNVQVDLPGGSLMIEWNGVGHPLYMTGEATHIYDGFITL,130
61,61,61,61,MPKRTDIKSILILGAGPIVIGQACEFDYSGAQACKALREEGYRVILVNSNPATIMTDPEMADATYIEPIHWEVVRKIIEKERPDAVLPTMGGQTALNCALELERQGVLEEFGVTMIGATADAIDKAE,127
62,62,62,62,STDREKIMVLGGGPNRIGQGIEFDYCCVHASLALREDGYETIMVNCNPETVSTDYDTSDRLYFEPVTLEDVLEIVRIEKPKGVIVQYGGQTPLKLARALEAAGVPVIGTSPDAIDRAEDRE,121
63,63,63,63,DRRRFDVAMKKIGLETARSGIAHTMEEALAVAADVGFPCIIRPSFTMGGSGGGIAYNREEFEEICARGLDLSPTKELLIDESLIGWKEYEMEVVRDKNDNCIIVCSIENFDAMGIHTGDSITVAPAQTLTDKEYQIMRNASMAVLREIGVETGGSNVQFAVNPKNGRLIVIEMNPRVSRSSALASKATGFPIAKVAAKLAVGYTLDELMNDITGGRTPASFEPSIDYVVTKIPRFNFEKFAGANDRLTTQMKSVGEVMAIGRTQQESLQKALRGL,275
64,64,64,64,RFQHAVERLKLKQPANATVTAIEMAVEKAKEIGYPLVVRPSYVLGGRAMEIVYDEADLRRYFQTAVSVSNDAPVLLDHFLDDAVEVDVDAICDGEMVLIGGIMEHIEQAGVHSGDSACSLPAYTLSQEIQDVMRQQVQKLAFELQVRGLMNVQFAVKNNEVYLIEVNPRAARTVPFVSKATGVPLAKVAARVMAGKSLAEQGVTKEVIPPYYSVKEVVLPFNKFPGVDPLLGPEMRSTGEVMGVGRTFAEAFAKAQLGS,259
65,65,65,65,ETVQVNLPVSLEDLFVGKKKSFKIGRKGPHGASEKTQIDIQLKPGWKAGTKITYKNQGDYNPQTGRRKTLQFVIQEKSHPNF,82
66,66,66,66,DDLIYTLPLSFKESLLGFSKTIQTIDGRTLPLSRVQPVQPSQTSTYPGQGMPTPKNPSQRGNLIVKYKVDYPISL,75
67,67,67,67,ASDIAVQAGPWGGNGGKRWLQTAHGKFAGFFGNSGDVLDSIGGVVVP,47
68,68,68,68,DNIEYHSGKFGVLGDKAETITFAEGGKITSIIIKGGTCIFSIQFVYKDK,49
69,69,69,69,KKVYGPFGTVASSSFSLPLTKDEDITAISGTFGAYYHMTVVTSLTFQTN,49
70,70,70,70,SQALKNLLTLLNLEKIEEGLFRGQSEDLGLRQVFGGQVVGQALYAAKETVPEERLVHSFHSYFLRPGDSKKPIIYDVETLRDGNSFSARRVAAIQNGKPIFYMTASFQAPEAGF,114
71,71,71,71,EHQKTMPSAPAPDGLPSETQIAQSLAHLLPPVLKDKFICDRPLEVRPVEFHNPLKGHVAEPHRQVWIRANGSVPDDLRVHQYLLGYASDLNFLPVALQPHGIGFLEPGIQIATIDHSMWFHRPFNLNEWLLYSVESTSASSARGFVRGEFYTQDGVLVASTVQEGVMRNHN,171
72,72,72,72,GGAHKTNQVLGQALLAKRMGKSEIIAETGAGQHGVASALASALLGLKCRIYMGAKDVERQSPNVFRMRLMGAEVIPVHSGSATLKDACNEALRDWSGSYETAHYMLGTAAGP,112
73,73,73,73,HPYPTIVREFQRMIGEETKAQILDKEGRLPDAVIACVGGGSNAIGMFADFINDTSVGLIGVEPGGHGIETGEHGAPLKHGRVGIYFGMKAPMMQTADGQIEESYSISAGLDFPSVGPQHAYLNSIGRADYVSITDDEALEAFKTLCRHEGIIPALESSHALAHALKMMREQPEKEQLLVVNLSGRGDKDIFTVHD,195
74,74,74,74,KVQLKGRDLLTLKNFTGEEIKYMLWLSADLKFRIKQKGEYLPLLQGKSLGMIFEKRSTRTRLSTETGFALLGGHPCFLTTQDIHLGVNESLTDTARVLSSMADAVLARVYKQSDLDTLAKEASIPIINGLSDLYHPIQILADYLTLQEHYSSL,153
75,75,75,75,KGLTLSWIGDGNNILHSIMMSAAKFGMHLQAATPKGYEPDASVTKLAEQYAKENGTKLLLTNDPLEAAHGGNVLITDTWISMGREEEKKKRLQAFQGYQVTMKTAKVAASDWTFLHCLPRKPEEVDDEVFYSPRSLVFPEAENRKWTIMAVMVSLLTDYSPQLQKPKF,168
76,76,76,76,SGIVPQLQNIVSTVNLGCKLDLKTIALRARNAEYNPKRFAAVIMRIREPRTTALIFSSGKMVCTGAKSEENSRLAARKYARVVQKLGF,88
77,77,77,77,PAKFLDFKIQNMVGSCDVKFPIRLEGLVLTHQQFSSYEPELFPGLIYRMIKPRIVLLIFVSGKVVLTGAKVRAEIYEAFENIYPILKGFRK,91
78,78,78,78,SLDDPEALTKIRRELKDAGADRIWYIADAFRAGLSVDGVFNLTNIDRWFLVQIEE,55
79,79,79,79,LVRLEEKVAEVGITGLNADFLRQLKRKGFADARLAKLAGVREAEIRKLRDQYDLHP,56
80,80,80,80,SHRLSHVTMLSQAAGAVYTLRAPTFSWQHRSAEFPIRTVSQLTREIYTNPVLENFDGSFRGMAQRIEQNIRQPHL,75
81,81,81,81,MDILNSITIYTDVHRGFNYWSGHQITASPVGFSGPEFAFPLFGNAGNAAPPVLVSLTG,58
82,82,82,82,LGIFRTLSSPLYRRIILGSGPNNQELFVLDGTEFSFASLTTNLPSTIYRQRGTVDSLDVIPPQDNSVPPRAGF,73
83,83,83,83,LRNQQAMAANLQARQIVLQQSYPVIQQVETQTFDPANRSVFDVTPANVGIVKGFLVKVTAAITNNHATEAVALTDFGPANLVQRVIYYDPDNQRHTETSGWHLHFVNTAKQGAPFLSSMVTDSPIKYGDVMNVIDAPATIAAGATGELTMYYWVPLAYSETDLTGAVLANVPQSKQRLKLEFANNNTAFAAVGANPLEAIYQGAGAADCEFEEISYTVYQSYLDQLPVGQ,230
84,84,84,84,NGYILPLIDLSTLYNLENSAQAGLTPNVDFVVQYANLYRYLSTIAVFDNGGSFNAGTDINYLSQRTANFSDTRKLDPKTWAAQTRRRIATDFPKGVYYCDNRDKPIYTLQYGNVGFVVNPKTVNQNARLLMGYEYFTSR,139
85,85,85,85,EGQVVRVKYGNADGEYCKFPFLFNGKEYNSCTDTGRSDGFLWCSTTYNFEKDGKYGFCPHEA,62
86,86,86,86,LFTMGGNAEGQPCKFPFRFQGTSYDSCTTEGRTDGYRWCGTTEDYDRDKKYGFCPE,56
87,87,87,87,MSVNSNAYDAGIMGLKGKDFADQFFADENQVVHESDTVVLVLKKSDEINTFIEEILLTDYKKNVNPTVNVEDRAGYWWIKAN,82
88,88,88,88,GKIEVDCDEISELLGRQFNVYDFLVDVSSTIGRAYTLGNKFTITSELMGLDRKLEDYHA,59
89,89,89,89,RAPCPALNALANHGYIPHDGRAISRETLQNAFLNHMGIANSVIELALTNAFVVCEYVTGSDCGDSLVNLTLLAEPHAFEHD,81
90,90,90,90,NFDAETFQTSLDVVAGKTHFDYADMNEIRLQRESLSNELDFPGWFTESKPIQNVESGFIFALVSDFNLPDNDENPLVRIDWWKYWFTNES,90
91,91,91,91,RGLSAGRVQSVAVRLVVEREREIKAFPARFSEASLVKELEKRGIGRPSTYASIISTIQDRGYVRVENRRFYAEKMGEIVTDRLEENFRELM,91
92,92,92,92,LKDMEADAQKLYQLIWRQFVACQMGAPFITSTLQQAASTRLGFGVKKTMMMAQRLYEAGYITYMRTDSTNLHEAIRPSDVNVMAES,86
93,93,93,93,VPEEFWEVDASTTTPSGEALALQVTHQNDKPFRPVNKEQTQAAVSLLEKAALTLVELTPAQHFTKP,66
94,94,94,94,TPAKYDSTTLTVGAGDFRLKARGRILRFDGWTKVMPALRKGDEDRILPAVNKGDRYSVLEREDKPTTSKP,70
95,95,95,95,ETTSSIGEKVWDDKDNQDGKRPEKVSVNLLANGEKVKTLDVTSETNWKYEFKDLPKYDEGKKIEYTVTEDHVKDYTTDINGTTITNKYTP,90
96,96,96,96,GETSATVTKNWDDNNNQDGKRPTEIKVELYQDGKATGKTAILNESNNWTHTWTGLDEKAKGQQVKYTVEELTKVKGYTTHVDNNDMGNLITTNKYTP,97
97,97,97,97,THWNDLLFCLRCTRCDSGEVELSPCTTTRNTVCQCEEGTF,40
98,98,98,98,REEDSPEMCRKCRTGCPRGMVKVGDCTPWSDIECVHKESGD,41
99,99,99,99,QAGIIRDLLIWLEGHLDQPLSLDNVAAKAGYSKWHLQRMFKDVTGHAIGAYIRA,54
100,100,100,100,RRLSKSAVALRLTARPILDIALQYRFDSQQTFTRAFKKQFAQTPALYRRSPEWSAFGIRPPLRLG,65
101,101,101,101,ELRSFIELEMKFGVIIDAKGPDRVNPPVSSQCVFTELDAHLTPNIDASLFKELSKYIRGISEVTENTGKFSIIESQTRDSVYRVGPRFLRMSTDIKTGRVGQFIEKRHVA,110
102,102,102,102,DVKISLNLELPVPDNDPPEKYKSQSPISERTKDRVSYIHNDSCTRIDITKVENHSETTHEVELEINTP,68
103,103,103,103,VMSDLEKKFIELEAKLVAQPAGQAMPGKSNIFANNEAWRQEMLKQDPEFFNRLANGQSPEYLWIGCADSRVPANQLLDLPAGEVFVHRNIANQCIHSDISFLSVLQYAVQYLKVKHILVCGHYGCGGAKAALGDSRLGLIDNWLRHIRDVRRMNAKYLDKCKDGDEELNRLIELNVLEQVHNVCATSIVQDAWDAGQELTVQGVVYGVGDGKLRDLGVVVNSSDDIS,227
104,104,104,104,GESELDSTMEKLTAELVQQTPGKLKEGANRVFVNNENWRQKMLKQDPQFFSNLAHTQTPEILWIGCADSRVPANQIINLPAGEVFVHRNIANQCIHSDMSFLSVLQYAVQYLKVKRVVVCGHYACGGCAAALGDSRLGLIDNWLRHIRDVRRHNQAELSRITDPKDSLNRLIEINVLEQMHNVCATSIVQDAWDAGQELEVQGVVYGVGDGKLRDMGVVAKANDDIG,227
105,105,105,105,SHDEPSESSEPCCDSCDCTKSIPPQCHCANIRLNSCHS,38
106,106,106,106,ACKSCICTRSMPGKCRCLDTDDFCYKPCESMDKD,34
107,107,107,107,QFGLINCGNKYLTAEAFGFKVNASASSLKKKQIWTLEAAVCLRSHLGRYLAADKDGNVTCEREVPGPDCRFLIVAHDDGRWSLQSEAHRRYFGGTEDRLSCFAQTVSPAEKWSVHIA,117
108,108,108,108,QVNIYSVTRKRYAHLSARPADEIAVDRDVPWGVDSLITLAFQDQRYSVQTADHRFLRHDGRLVARPEPATGYTLEFRSGKVAFRDCEGRYLAPSGPSGTLKAGKATKVGKDELFALEQS,119
109,109,109,109,CPAKRFEAIRHYASRKAMDIEGLGEKLIERLLEKGLVRDVADLYHLRKEDLLGLERMGEKSAQNLLRQIEESKHR,75
110,110,110,110,GLERLLYALGLPGVGEVLARNLARRFGTMDRLLEASLEELIEVEEVGELTARAILETLKDPAFRDLVRRLKEAGV,75
111,111,111,111,SNQYGDKNLKIFSLNSNPELAKEIADIVGVQLGKCSVTRFSDGEVQINIEESIRGCDCYIIQSTSDPVNEHIMELLIMVDALKRASAKTINIVIPYYGYARQDRKARSREPITAKLFANLLETAGATRVIALDLHAPQIQGFFDIPIDHLMGVPILGEYFEGKN,164
112,112,112,112,LEDIVIVSPDHGGVTRARKLADRLKAPIAIIDKRMNIVGNIEGKTAILIDDIIDTAGTITLAANALVENGAKEVYACCTHPVLSGPAVERINNSTIKELVVTNSIKLPEEKKIERFKQLSVGPLLAEAIIRVHEQQSVSYLF,142
113,113,113,113,NNILFGLSHEGSHPQTLHAAQSLELSSFRFTMQSDCNLVLFDSDVRVWASNTAGATGCRAVLQSDGLLVILTAQNTIRWSSGTKGSIGNYVLVLQPDRTVTIYGPGLWDSGTSNKGSVVV,120
114,114,114,114,ANNGNSILYSTNDNHPQTLHATQSLQLSPYRLSMETDCNLVLFDRDDRVWSTNTAGKGTGCRAVLQPNGRMDVLTNQNIAVWTSGNSRSAGRYVFVLQPDRNLAIYGGALWTT,113
115,115,115,115,TDGGAATKGPEWLAASGASVIPVARVVDMLENPGAEFDFNGTRSKFPDVKMAYWVGGNPFVHHQDRNRMVKAWEKLETFVVHDFQWTPTARHADIVLPATTSYERNDIETIGDYSNTGILAMKKSWDQALDLVAAEVKRVEETYGPEGVFGGSYGWKSPGRLHNCTTLLRRMLTLAGGYVNGAGD,185
116,116,116,116,YSTGAAQVIMPHVVGTLEVYEQQTAWPVLAENTEVMVFWAADPIKTSQIGWVIPEHGAYPGLEALKAKGTKVIVIDPVRTKTVEFFGAEHITPKPQTDVAIMLGMAHTLVAEDLYDKDFIANYTSGFDKFLPYLDGETDSTPKTAEWAEGISGVPAETIKELARLFESKRTMLAAGWSMQRMHHGEQAHWMLVTLASMLGQIGLPGGGFGLSYHYSGGGTPSTSGPALAGI,231
117,117,117,117,SRKKMGLLVMAYGTPYKEEDIERYYTHIRRGRKPEPEMLQDLKDRYEAIGGISPLAQITEQQAHNLEQHLNEIQDEITFKAYIGLKHIEPFIEDAVAEMHKDGITEAVSIVLAPHFSTFSVQSYNKRAKEEAEKLGGLTITSVESWYDEPKFVTYWVDRVKETYASMPE,169
118,118,118,118,DERENAMLIVSAHSLPEKIKEFGDPYPDQLHESAKLIAEGAGVSEYAVGWQSEGNTPDPWLGPDVQDLTRDLFEQKGYQAFVYVPVGFVADHLEVLYDNDYECKVVTDDIGASYYRPEMPNAKPEFIDALATVVLKKLGR,140
119,119,119,119,RGLEPERIIGATDSSGELMFLMKWKNSDEADLVPAKEANVKCPQVVISFYEERLTWH,57
120,120,120,120,MDDFASLPLVIEPADLQARLSAPELILVDLTSAARYAEGHIPGARFVDPKRTQLGQPPAPGLQPPREQLESLFGELGHRPEAVYVVYDDEGGGWAGRFIWLLDVIGQQRYHYLNGGLTAWLAEDRPLSRELPAPA,135
121,121,121,121,GGPVALSLHDEPTASRDYLLGRLGAADLAIWDARSPQEYRGEKVLAAKGGHIPGAVNFEWTAAMDPSRALRIRTDIAGRLEELGITPDKEIVTHCQTHHRSGLTYLIAKALGYPRVKGYAGSWGEWGNHPDTPVEL,136
122,122,122,122,NETHYAEAVIDNGAFGTRTIRFETGRLARQAAGSAVAYLDDDTMVLSATTASKNPKDQLDFFPLTVDVEERMYAAGKIPGSFFRREGRPSEDAILTCRLIDRPLRPSFKKGLRNEIQVVATIMALNPDHLYDVVAINAASASTQLAGLP,149
123,123,123,123,TDIRTLAAEVEAIPRVHGSALFERGETQILGVTTLNMLRMEQQLDTLSPVTRKRYMHNYNFPPYSVGETGRVGSPKRREIGHGALAERAIVPVLPTREEFPYAIRQVSEALGSNGSTSMGSVCASTMSLLNAGVPLK,137
124,124,124,124,FSGPIGGVRVALIRGQWVAFPTHTELEDAVFDMVVAGRVLEDGDVAIMMVEAEATEKTIQLVKDGAEAPTEEVVAAGLDAAKPFIKVLCKAQADLAAKAAKPTGEFPVFLD,111
125,125,125,125,APVAGIAMGLISQEINGETHYVALTDILGAEDAFGDMDFKVAGTKEFVTALQLDTKLDGIPASVLAAALKQARDARLHILDVMMEAIDTPDEMSPN,96
126,126,126,126,VPDYHEDIHTYLREMEVKCKPKVGYMKKQPDITNSMRAILVDWLVEVGEEYKLQNETLHLAVNYIDRFLSSMSVLRGKLQLVGTAAMLLASKFEEIYPPEVAEFVYITDDTYTKKQVLRMEHLVLKVLTFDLAAP,135
127,127,127,127,TVNQFLTQYFLHQQPANCKVESLAMFLGELSLIDADPYLKYLPSVIAGAAFHLALYTVTGQSWPESLIRKTGYTLESLKPCLMDLHQTYLKAPQHAQQSIREKYKNSKYHGVSLLNPPETLNL,123
128,128,128,128,SEQQRELGKKLFFDPRLSRSHVLSCNTCHNVGTGGADNVPTSVGHGWQKGPRNSPTVFNAVFNAAQFWDGRAKDLGEQAKGPIQNSVEMHSTPQLVEQTLGSIPEYVDAFRKAFPKAGKPVSFDNMALAIEAYEATLVTPDS,142
129,129,129,129,LDAQQKKGLKAFMDSGCSACHNGINLGGQAYFPFGLVKKPDADKGRFAVTKTQSDEYVFRAAPLRNVALTAPYFHSGQVWELKDAVAIMGNAQLGKQLAPDDVENIVAFLHSLSGKQP,118
130,130,130,130,GIDPNRIVALEWLPVELLLALGIVPYGVADTINYRLWVSEPPLPDSVIDVGLRTEPNLELLTEMKPSFMVWSAGYGPSPEMLARIAPGRGFNFSDGKQPLAMARKSLTEMADLLNLQSAAETHLAQYE,128
131,131,131,131,DFIRSMKPRFVKRGARPLLLTTLIDPRHMLVFGPNSLFQEILDEYGIPNAWQGETNFWGSTAVSIDRLAAYKDVDVLCFDHDNSKDMDALMATPLWQAMPFVRAGRFQRVPAVWFYGATLSAMHFVRVLDNAIG,134
132,132,132,132,VAADGVIKTKIDGNYGIILEVNCQTDFVAKDAGFQAFADKVLDAAVAGKITDVEVLKAQFEEERVALVAKIGENINIRRVAALEG,85
133,133,133,133,DVLGSYQHGARIGVLVAAKGADEELVKHIAMHVAASKPEFIKPEDVSAEVVEKEYQVQLDIAMQSGKPKEIAEKMVEGRMKKFTGEVSLTGQPFVMEPSKTVGQLLKEHNAEVTGFIRFEVGEGIEKVETDFAAEVAAMSKQS,143
134,134,134,134,EVSRVEADSAWFGSWLDDETGLVLSLEDAGHGRMKARFGTSPEMMDVVSANEARSAVTTIRRDGETIELVRASENLRLSMKRV,83
135,135,135,135,KGEAKHDIIGRYHSDELDADLLLVSEGGAIYGAFEGFLGKSDMYPLYSVGSDVWLLPVQRSMDAPSPGEWKLVFRRDDKGEITGLSVGCWLARGVEYRRVQP,102
136,136,136,136,SAVDMDECKEPDVCKHGQCINTDGSYRCECPFGYILAGNEC,41
137,137,137,137,VDTDECSVGNPCGNGTCKNVIGGFECTCEEGFEPGPMMTCE,41
138,138,138,138,TRQMILAVGQQGPIARAETREQVVVRLLDMLTKAASRGANFIVFPELALTTFFPRWHFTDEAELDSFYETEMPGPVVRPLFEKAAELGIGFNLGYAELVVEGGVKRRFNTSILVDKSGKIVGKYRKIHLPGHKEYEAYRPFQHLEKRYFEPGDLGFPVYDVD,162
139,139,139,139,AAKMGMFICNDRRWPEAWRVMGLRGAEIICGGYNTPTHNPPVPQHDHLTSFHHLLSMQAGSYQNGAWSAAAGKVGMEENCMLLGHSCIVAPTGEIVALTTTLEDEVITAAVD,112
140,140,140,140,LGEVFVLDEEEIRIIQTEAEGIGPENVLNASYSKLKKFIESADGFTNNSYGATFSFQPYTSIDEMTYRHIFTPVLTNKQI,80
141,141,141,141,SSITPDMEITTIPKGRYACIAYNFSPEHYFLNLQKLIKYIADRQLTVVSDVYELIIPIHYSPKKQEEYRVEMKIRIA,77
142,142,142,142,AATPHLDAVEQTLRQVSPGLEGDVWERTSGNKLDGSAADPSDWLLQTPGCWGDDKCADRVGTKRLLAKMTENIGNATRTVDISTLAPFPNGAFQDAIVAGLKESAAKGNSLKVRILVGAAPHMNGIPSKYRDKLTAKLGKAAENITLNVASMTTSKTAFSWNHSKILVVDGQSALTGGINSWKDDYLDTTHPVSDVDLALTGPAAGSAGRYLDTLWTWTCKNKSNIASVWFAASGNAGCMPTMHKDT,247
143,143,143,143,NPKASPATGNVPVIAVGGLGVGIKDVDPKSTFRPDLPTASDTKCVVGLHDNTNADRDYDTVNPEESALRALVASAKGHIEISQQDLNATCPPLPRYDIRLYDALAAKMAAGVKVRIVVSDPANRGYSQIKSLSEISDTLRNRLANITGGQQAAKTAMCSNLQLATFRSSPNGKWADGHPYAQHHKLVSVDSSTFYIGSKNLYPSWLQDFGYIVESPEAAKQLDAKLLDPQWKYSQETATVDYARGICGA,249
144,144,144,144,QFLFSMSTGPFICTVKDNQVFVANLPWTMLEGDDIQVGKEFAARVEDCTNVKHDMAPTCTKPPPFCGPQDMKMF,74
145,145,145,145,NFVGCSVLGNKLFIDQKYVRDLTAKDHAEVQTFREKIAAFEEQQENQPPAGGLSPPPPPSFCTV,64
146,146,146,146,RDPRSIAKRAEDYLRATGIADTVLFGPEPEFFLFDDIRFGASISGSHVAIDDIEGAWNSSTKYEGGNKGHRPGVKGGYFPVPPVDSAQDIRSEMCLVMEQMGLVVEAHHHEVATAGQNEVATRFNTMTKKADEIQIYKYVVHNVAHRFGKTATFMP,156
147,147,147,147,KPMFGDNGSGMHCHMSLAKNGTNLFSGDKYAGLSEQALYYIGGVIKHAKAINALANPTTNSYKRLVPGYEAPVMLAYSARNRSASIRIPVVASPKARRIEVRFPDPAANPYLCFAALLMAGLDGIKNKIHPG,132
148,148,148,148,IDHVPCRGGENFLKIWSHSGGQQSVDCYANRGRIDFGGWWVDKISTG,47
149,149,149,149,NNDLIYYDANGDSVRVDRWHDITYPNRPPKVNSIEIL,37
150,150,150,150,MRLLHTMLRVGDLQRSIDFYTKVLGMKLLRTSENPEYKYSLAFVGYGPETEEAVIELTYNWGVDK,65
151,151,151,151,YELGTAYGHIALSVDNAAEACEKIRQNGGNVTREAGPVKGGTTVIAFVEDPDGYKIELIEE,61
152,152,152,152,SRAYDLVVIGAGSGGLEAGWNAASLHKKRVAVIDLQKHHGPPHYAALGGTCVNVGCVPKKLMVTGANYMDTIRESAGFGWELDRESVRPNWKALIAAKNKAVSGINDSYEGMFADTEGLTFHQGFGALQDNHTVLVRESADPNSAVLETLDTEYILLATGSWPQHLGIEGDDLCITSNEAFYLDEA,186
153,153,153,153,PKRALCVGGGYISIEFAGIFNAYKARGGQVDLAYRGDMILRGFDSELRKQLTEQLRANGINVRTHENPAKVTKNADGTRHVVFESGAEADYDVVMLAIGRVPRSQTLQLEKAGVEVAKNGAIKVDAYSKTNVDNIYAIGDVTDRVMLTPVAINEGAAFVDTVFANKPRATD,171
154,154,154,154,PKRLYCKNGGFFLRIHPDGRVDGVREKSDPHIKLQLQAE,39
155,155,155,155,ERGVVSIKGVCANRYLAMKEDGRLLASKCVTDECFFFERLESN,43
156,156,156,156,NYNTYRSRKYTSWYVALKRTGQYKLGSKTGPGQKAILFLPMS,42
157,157,157,157,DILECDYFDTVDISAAQKLQNGSYLFEGLLVPAILTGEYDFRILPDDSKQKVARHIRGCVCK,62
158,158,158,158,DLPMPCDGMFYLDNREEQDKYTLFENGTFFRHFDRVTLRKREYCLQHLTFADGNATSIRIAPHNCLIV,68
159,159,159,159,KIRTFGWVQNPGKFENLKRVVQVFDRNSKVHNEVKNIKIPTLVKESKIQKELVAIMNQHDLIYTYKELVGTGTSIRSEAPCDAIIQATIADQGNKKGYIDNWSSDGFLRWAHALGFIEYINKSDSFVITDVGLAYSKSAD,140
160,160,160,160,GSAIEKEILIEAISSYPPAIRILTLLEDGQHLTKFDLGKNLGFSGESGFTSLPEGILLDTLANAMPKDKGEIRNNWEGSSDKYARMIGGWLDKLGLVKQGKKEFIIPTPDNKEFISHAFKITGEGLKVLRRAKGS,135
161,161,161,161,VPKRVYWEMLATNLTDKEYVRTRRALILEILIKAGSLKIEQIQDNLKKLGFDEVIETIENDIKGLINTGIFIEIKGRFYQLKDHILQFVIPNRGVTKQLV,100
162,162,162,162,MEINGVEIEDTFAEAFEAKMARVLITAASHKWAMIAVKEATGFGTSVIMCPAEAGIDCGYVPPEETPDGRPGVTIMIGHNDEDELKEQLLDRIGQCVMTAPTASAFDAMPEAEKEDEDRVGYKL,124
163,163,163,163,KIPVVEGEFIVEDSFGITTGVAGGNFYIMAESQPAGLQAAEAAVDAIKGVEGAYAPFPGGIVASASKVGSKQYDFLPASTNDAYCPTVEDNELPEGVKCVYEIVINGLNEEAVKEAMRVGIEAACQQPGVVKISAGNFGGKLGQYEIHLHDLF,153
164,164,164,164,TLKGQCIAEFLGTGLLIFFGVGCVAALKVAGASFGQWEISVIWGLGVAMAIYLTAGVSGAHLNPAVTIALWLFACFDKRKVIPFIVSQVAGAFCAAALVYGLYYNLFFDFEQTHHIVRGSVESVDLAGTFS,131
165,165,165,165,TYPNPHINFVQAFAVEMVITAILMGLILALTDDGNGVPRGPLAPLLIGLLIAVIGASMGPLTGFAMNPARDFGPKVFAWLAGWGNVAFTGGRDIPYFLVPLFGPIVGAIVGAFAYRKLIGRHL,123
166,166,166,166,KLGIHSNDTRDAWVNKIAQLNTLEKAAEMLKQFRMDHTTPFRNSYELDNDYLWIEAKLEEKVAVLKARAFNEVDFRH,77
167,167,167,167,KTAFGEDAKSVLDGTVAKMNAAKDKWEAEKIHIGFRQAYKPPIMPVNYFLDGERQLGTRLMELRNLNYYDTPLEELRKQRGVRVVHLQSP,90
168,168,168,168,SHPALTQLRALRYCKEIPALDPQLLDWLLLEDSMTKRFEQQGKTVSVTMIREGFVEQNEIPEELPLLPKESRYWLREILLCADGEPWLAGRTVVPVSTL,99
169,169,169,169,SGPELALQKLGKTPLGRYLFTSSTLTRDFIEIGRDAGLWGRRSRLRLSGKPLLLTELFLPASPLY,65
170,170,170,170,GTRVFKKASPNGKLTVYLGKRDFVDHIDLVEPVDGVVLVDPEYLKERRVYVTLTCAFRYGREDLDVLGLTFRKDLFVANVQSFPPAPEDKKPLTRLQERLIKKLGEHAYPFTFEIPPNLPCSVTLQPGPEDTGKACGVDYEVKAFCAENLEEKIHKRNSVRLVIRKVQYAP,171
171,171,171,171,ERPGPQPTAETTRQFLMSDKPLHLEASLDKEIYYHGEPISVNVHVTNNTNKTVKKIKISVRQYADICLFNTAQYKCPVAMEEADDTVAPSSTFCKVYTLTPFLANNREKRGLALDGKLKHEDTNLASSTLLREGANREILGIIVSYKVKVKLVVSRGSDVAVELPFTLMHPKPK,174
172,172,172,172,MIIRKYFSGIPTIGVLALTTEEITLLPIFLDKDDVNEVSEVLET,44
173,173,173,173,KCLQTNIGGSSLVGSLSVANKYGLLLPKIVEDEELDRIKNFLK,43
174,174,174,174,ENNLDLNVEIIKSKNTALGNLILTNDKGALISPELKDFKKDIEDSLN,47
175,175,175,175,VEVEIGTIAELPTVGSNAVVTNKGCLTHPLVEDDELEFLKSLFK,44
176,176,176,176,SNVDMDFEVENAVLGKDFKLSITFRNNSHNRYTITAYLSANITFYTGVPKAEFKKETFDVTLEPLSFKKEAVLIQAGEYMGQLLEQASLHFFVTARINETRDVLAKQKSTVLTI,114
177,177,177,177,PEIIIKVRGTQVVGSDMTVTVEFTNPLKETLRNVWVHLDGPGVTRPMKKMFREIRPNSTVQWEEVCRPWVSGHRKLIASMSSDSLRHVYGELDVQIQ,97
178,178,178,178,EEYVVEKVLDRRVVKGKVEYLLKWKGFSDEDNTWEPEENLDCPDLIAEFLQSQKTAHETDKS,62
179,179,179,179,VLTGLPDAYGRGRIIGDYRRVALYGIDYLMKDKLAQFTSLQADLENGVNLEQTIRLREEIAEQHRALGQMKEMAAKYGYDISGPATNAQEAIQWTYFGYLAAVKSQNGAAMSFGRTSTFLDVYIERDLKAGKITEQEAQEMVDHLVMKLRMVRFLRTPEYDELFSGDPIWATESIGGMGLDGRTLVTKNSFRFLNTLYTMGPSPEPNMTILWSEKLPLNFKKFAAKVSIDTSSLQYENDDLMRPDFNNDDYAIACCVSPMIV,262
180,180,180,180,GKQMQFFGARANLAKTMLYAINGGVDEKLKMQVGPKSEPIKGDVLNYDEVMERMDHFMDWLAKQYITALNIIHYMHDKYSYEASLMALHDRDVIRTMACGIAGLSVAADSLSAIKYAKVKPIRDEDGLAIDFEIEGEYPQFGNNDPRVDDLAVDLVERFMKKIQKLHTYRDAIPTQSVLTITSNVVYGKKTGNTPDGRRAGAPFGPGANPMHGRDQKGAVASLTSVAKLPFAYAKDGISYTFSIVPNALGKDDEVRKTNLAGLMDGYFHHEASIEGGQHLNVNVMNREMLLDAMENPEKYPQLTIRVSGYAVRFNSL,317
181,181,181,181,SHMALRIIPCLDIDGGAKVVVKGVNFQGIREVGDPVEMAVRYEEEGADEIAILDITAAPEGRATFIDSVKRVAEAVSIPVLVGGGVRSLEDATTLFRAGADKVSVNTAAVRNPQLVALLAREFGSQ,126
182,182,182,182,STVVAIDAKWNGEYYEVYVKGGREATGLDAVKWAKEVEELGAGEILLTSIDRDGTGLGYDVELIRRVADSVRIPVIASGGAGRVEHFYEAAAAGADAVLAASLFHFRVLSIAQVKRYLKERGVEVRI,127
183,183,183,183,DLRRQLRKAVMDHVSDSFLETNVPLLVLIEAAKNGNEKEVKEYAQVFREHANKLIEVANLACSISNNEEGVKLVRMSASQLEALCPQVINAALALAAKPQSKLAQENMDLFKEQWEKQVRVLTDAVDDITS,131
184,184,184,184,IDDFLAVSENHILEDVNKCVIALQEKDVDGLDRTAGAIRGRAARVIHVVTSEMDNYEPGVYTEKVLEATKLLSNTVMPRFTEQVEAAVEALSSDPAQPMDENEFIDASRLVYDGIRDIRKAVLM,124
185,185,185,185,GAMEKFKTLLYDIPIECMEVSEEIISYAKLQLGKKLNDSIYVSLTDHINFAIQRNQKGLDIKNALLWETKRLYKDEFAIGKEALVMVKNKTGVSLPEDEAGFIALHIVNAELNEE,115
186,186,186,186,MPNIINITKVMEEILSIVKYHFKIEFNEESLHYYRFVTDLKFFAQRLFNGTHMEDDFLLDTVKEKYHRAYECTKKIQTYIEREYEHKLTSDELLYLTIDIERVVK,105
187,187,187,187,MKISARNVFKGTVSALKEGAVNAEVDILLGGGDKLAAVVTLESARSLQLAAGKEVVAVVKAPWVLLMTDSSG,72
188,188,188,188,YRLSARNILTGTVKTIETGAVNAEVTLALQGGTEITSMVTKEAVAELGLKPGASASAVIKASNVILGVP,69
189,189,189,189,VVGGTEAQRNSWPSQISLQYRSGSSWAHTCGGTLIRQNWVMTAAHCVDRELTFRVVVGEHNLNQNNGTEQYVGVQKIVVHPYWNTDDVAAGYDIALLRLAQSVTLNSYVQLGVL,114
190,190,190,190,PRAGTILANNSPCYITGWGLTRTNGQLAQTLQQAYLPTVDYAICSSSSYWGSTVKNSMVCAGGDGVRSGCQGDSGGPLHCLVNGQYAVHGVTSFVSRLGCNVTRKPTVFTRVSAYISWINNVIASN,126
191,191,191,191,MNQASVVANQLIPINTALTLVMMRSEVVTPVGIPAEDI,38
192,192,192,192,PRLVSMQVNRAVPLGTTLMPDMVKGYAA,28
193,193,193,193,RVPEFVIGLMKLEIPEVENGIVEIKAIAREPGVRTKVAVASNDPNVDPIGACIGEGGSRIAAILKELKGEKLDVLKWSDD,80
194,194,194,194,PKQLIANALAPATVIEVEILDKENKAARVLVPPTQLSLAIGKGGQNARLAAKLTGWKIDIKPIMNL,66
195,195,195,195,ARTDNFKLSSLANGLKVATSNTPGHFSALGLYIDAGSRFEGRNLKGCTHILDRLAFKSTEHVEGRAMAETLELLGGNYQCTSSRENLMYQASVFNQDVGKMLQLMSETVRFPKITEQELQEQKLSAEYEIDEVWMKPELVLPELLHTAAYSGETLGSPLICPRGLIPSISKYYLLDYRNKFYTPENTVAAFVGVPHEKALELTGKYLGDWQSTHPPITKKV,221
196,196,196,196,AQYTGGESCIPPAPVFGNLPELFHIQIGFEGLPIDHPDIYALATLQTLLGGGGSFSAGGPGKGMYSRLYTHVLNQYYFVENCVAFNHSYSDSGIFGISLSCIPQAAPQAVEVIAQQMYNTFANKDLRLTEDEVSRAKNQLKSSLLMNLESKLVELEDMGRQVLMHGRKIPVNEMISKIEDLKPDDISRVAEMIFTGNVNNAGNGKGRATVVMQGDRGSFGDVENVLKAYGLGNSSS,236
197,197,197,197,PEIVDTCSLASPASVCRTKHLHLRCSVDFTRRTLTGTAALTVQSQEDNLRSLVLDTKDLTIEKVVINGQEVKYALGERQSYKGSPMEISLPIALSKNQEIVIEISFETSPKSS,113
198,198,198,198,ALQWLTPEQTSGKEHPYLFSQCQAIHCRAILPCQDTPSVKLTYTAEVSVPKELVALMSAIRDGETPDPEDPSRKIYKFIQKVPIPCYLIALVVGA,95
199,199,199,199,AIPQKIRIGTDPTYAPFESKNAQGELVGFDIDLAKELCKRINTQCTFVENPLDALIPSLKAKKIDAIMSSLSITEKRQQEIAFTDKLYAADSRLVVAKNSDIQ,103
200,200,200,200,PTVASLKGKRVGVLQGTTQETFGNEHWAPKGIEIVSYQGQDNIYSDLTAGRIDAAFQDEVAASEGFLKQPVGKDYKFGGPAVKDEKLFGVGTGMGLRKEDNELREALNKAFAEMRADGTYEKLAKKYFDFDVYGG,135
201,201,201,201,VLPAHDPDCFLCAGNVRVTGDKNPDYTGTYVFTNDFAALMSDTPDAPESHDPLMRCQSARGTSRVICFSPDHSKTLPELSVAALTEIVKTWQEQTAELGKTYPWVQVFENKGAAMGCSNPHPHGQIWANSFLPN,134
202,202,202,202,EAEREDRLQKEYFAEQKSPMLVDYVQRELADGSRTVVETEHWLAVVPYWAAWPFETLLLPKAHVLRITDLTDAQRSDLALALKKLTSRYDNLFQCSFPYSMGWHGAPFNGEENQHWQLHAHFYPPLLRSATVRKFMVGYEMLAETQRDLTAEQAAERLRAVSDIHFRESGV,171
203,203,203,203,ELVSAEGRNRKAVLCQRCGSRVLQPGTALFSRRQLFLPSMRKKPDLVDGSNPDGDVLEEHWLVNDMFIFLERVSHE,76
204,204,204,204,NVKFLVCADCEIGPIGWHCLDDKNSFYVAENVGFTKDVG,39
205,205,205,205,KPTLELLTCDAAYRENPTALFHQVCGDRPATLLLESADIDSKDDLKSLLLVDSAETLMVIDHQKKSTRIQASLFTASDREKQRLNARLAYLSQQLTQPAP,100
206,206,206,206,AGRVLRFPPVSPLLDENARLCSLSVFDAFRLLQGVVNIPTQEREAMFFGGLFAYDLVAGFEALPHLEAGNNCPDYCFYLALRITALGDTVTIQALSDNGASLLPLLDTALPAGVENDVLP,120
207,207,207,207,AGEIFQVVPSRRFSLPCPSPLAAYYVLKKSNPSPYMFFMQDNDFTLFGASPESIVIRSALVENGIATVQAGAGIVLDSVPQSEADETRNKARAVLRAIATAHHA,104
208,208,208,208,LTKVDRYSYVMHLVSRVVGELRHDLDALHAYRACMNMGTLSGAPKVRAMQLIADAEGQRRGSYGGAVGYFTAHGDLDTCSLKYDAASRQIEIYPIAGTRPRGRRADGTLDRDLDSRIELDMRTDHKELSEHLMLVDLARNDLARICTPGSRYVAD,155
209,209,209,209,IGWRREGIKYRRNELFLDVLESVNLLMSPQGQVLSAHVSGRVVMKSYLSGMPECKFGMNDKIKQSIAIDDCTFHQCVRLSERSISFIPPDGEFELMRYRTTKDIILPFAPSGLKVRYLKVFEPKLNYSDHDVIKWVRYIGRSGIYETRC,149
210,210,210,210,PFRVIPLVREVGRTKLEVKVVIKSNFKPSLLAQKIEVRIPTPLNTSGVQVICMKGKAKYKASENAIVWKIKRMAGMKESQISAEIELLPTNDKKKWARPPISMNFEV,107
211,211,211,211,SNTLFDDIFQVSEVDPGRYNKVCRIEAASTTQDQCKLTLDINVELFPVAAQDSLTVTIASSL,62
212,212,212,212,TRSWRPPQAGDRSLADDYDYVMYGTAYKFEEVSKDLIAVYYSFGGLLMRLEGNYRNLNNLKQENAYLLIRR,71
213,213,213,213,MKGTIFAVALNHRSQLDAWQEAFQQSPYKAPPKTAVWFIKPRNTVIGCGEPIPFPQGEKVLSGATVALIVGKTATKVREEDAAEYIAGYALANDVSLPEESFYRPAIKAKCRDGFCPIGETVALSNVDNLTIYTEINGRPADHWNTADLQRNAAQLLSALSEFATLNPGDAILLGTPQARVEIQPGDRVRVLAEGFPPLENPVVDEREVTTRKSFPTL,218
214,214,214,214,PHPHGTLFALGLNYADHPEEPLVFLKAPNTLTGDNQTSVRPNNIEYMHYEAELVVVIGKQARNVSEADAMDYVAGYTVCNDYAIRDYLENYYRPNLRVKSRDGLTPMLSTIVPKEAIPDPHNLTLRTFVNGELRQQGTTADLIFSVPFLIAYLSEFMTLNPGDMIATGTPKGLSDVVPGDEVVVEVEGVGRLVNRIVSEETAK,203
215,215,215,215,MFTGIVQGTAKLVSIDEKPNFRTHVVELPDHMLDGLETGASVAHNGCCLTVTEINGNHVSFDLMKETLRITNLGDLKVGDWVNVERAAKFSDE,93
216,216,216,216,IGGHLMSGHIMTTAEVAKILTSENNRQIWFKVQDSQLMKYILYKGFIGIDGISLTVGEVTPTRFCVHLIPETLERTTLGKKKLGARVNIEIDPQTQAVVDTVERVLAARENAM,113
217,217,217,217,SVTPIPLPKIDEPEEYNTNYILFWNHVGLELNRVTHTVGGPLTGPPLSARALGMLHLAIHDAYFSICPPTDFTTFLSPDTENAAYRLPSPNGANDARQAVAGAALKMLSSLYMKPVEQPNPNPGANISDNAYAQLGLVLDRSVLEAPGGVDRESASFMFGEDVADVFFALLNDPRGASQEGYNPTPGRYKFDDEPTHPVVLIPVDPNNPNGPKMPFRQYHAPFYGKTTKRFATQSEH,237
218,218,218,218,FLADPPGLRSNADETAEYDDAVRVAIAMGGAQALNSTKRSPWQTAQGLYWAYDGSNLIGTPPRFYNQIVRRIAVTYKKEEDLANSEVNNADFARLFALVDVACTDAGIFSWKEKWEFEFWRPLSGVRDDGRPDHGDPFWLTLGAPATNTNDIPFKPPFPAYPSGHATFGGAVFQMVRRYYNGRVGTWKDDEPDNIAIDMMISEELNGVNRDLRQPYDPTAPIEDQPGIVRTRIVRHFDSAWELMFENAISRIFLGVHWRFDAAAARDILIPTTTKDVYAVDNNGATVFQNVEDIRYTTRGTREDEEGLFPIGGVPLGIEIADEIFNNGLKPTPPEIQPM,339
219,219,219,219,AMKDHKFWRTQPVKDFDEKVVEEGPIDKPKTPEDISDKPLPLLSSFEWCSIDVDNKKQLEDVFVLLNENYVEDRDAGFRFNYTKEFFNWALKSPGWKKDWHIGVRVKETQKLVAFISAIPVTLGVRGKQVPSVEINFLCVHKQLRSKRLTPVLIKEITRRVNKCDIWHALYTAGIVLPAPVSTCRYTHRPLNW,193
220,220,220,220,KKLYEVDFTGLPDGHTEEDMIAENALPAKTKTAGLRKLKKEDIDQVFELFKRYQSRFELIQIFTKEEFEHNFIGEESLPLDKQVIFSYVVEQPDGKITDFFSFYSLPFTILNNTKYKDLGIGYLYYYATDADFQFKDRFDPKATKALKTRLCELIYDACILAKNANMDVFNALTSQDNTLFLDDLKFGPGDGFLNFYLFNYRAKPITGGLNPDNSNDIKRRSNVGVVML,229
221,221,221,221,GIETEMAKKITKLVKDSKIKVQTQIQGEQVRVTGKSRDDLQAVIQLVKSAELGQPFQFNNFRDPSFDIVSE,71
222,222,222,222,ITLHEVRNAVENANRVLSTRYDFRGVEAVIELNEKNETIKITTESDFQLEQLIEILIGSCIKRGIEHSSLDIPAESEHHGKLYSKEIKLKQ,91
223,223,223,223,KLTYGTMVFVRSFLVGNAAQSLSKACTIAIRYSAVRRQSEIKQSEPEPQILDFQTQQYKLFPLLATAYAFHFVGRYMKETYLRINESIGQGDLSELPELHALTAGLKAFTTWTANAGIEECRMACGGHGYSHSSGIPNIYVTFTPACTFEGENTVMMLQTARFLMKIYDQV,171
224,224,224,224,VDINSLEGLTEAYKLRAARLVEIAAKNLQTHVSHRKSKEVAWNLTSVDLVRASEAHCHYVVVKVFSDKLPKIQDKAVQAVLRNLCLLYSLYGISQKGGDFLEGSIITGAQLSQVNARILELLTLIRPNA,129
225,225,225,225,SSTPPPSGGGQIKGVGSGRCLDVPNASTTDGTQVQLYDCHSATNQQWTYT,50
226,226,226,226,DAGELRVYGDKCLDAAGTGNGTKVQIYSCWGGDNQKWRLNSD,42
227,227,227,227,GSIVGVQSGLCLDAVGGGTANGTLIQLYSCSNGSNQRWTRT,41
228,228,228,228,CKEREEKIILVSSANEIDVRPCPLNPNEHKGTITWYKDDSKTPVSTEQASRIHQHKEKLWFVPAKVEDSGHYYCVVRNSSYCLRIKISAKFVENEP,96
229,229,229,229,NLCYNAQAIFKQKLPVAGDGGLVCPYMEFFKNENNELPKLQWYKDCKPLLLDNIHFSGVKDRLIVMNVAEKHRGNYTCHASYTYLGKQYPITRVIEFITLEEN,103
230,230,230,230,DLEAVKSDLEELMTSSQDWWPADYGHYGPLFIRMAWHSAGTYRTADGRGGAAGGRQRFAPINSWPDNANLDKARRLLLPIKQKYGQKISWADLMILAGNVAIESMGFKTFGYAGGREDAFEEDKAVNWGPEDEFETQERFDEPGEIQEGLGASVMGLIYVNPEGPDGNPDPEASAKNIRQTFDRMAMNDKETAALIAGGHTFGKVHGADDPEENLGPEPEAAPIEQQGLGWQNKNGNSKGGEMITSGIEGPWTQSPTEWDMGYINNLLDYEWEPEKGPGGAWQWAPKSEELKNSVPDAHDPDEKQTPMMLTTDIALKRDPDYREVMETFQENPMEFGMNFAKAWYKLTHRDMGPPERFLGPEVPDEEMIWQDPL,374
231,231,231,231,EIAELKEEILDSDLSVSQLVKTAWASASTYRDSDKRGGANGARLRLEPQKNWEVNEPEQLETVLGTLENIQTEFNDSRSDGTQVSLADLIVLGGNAAVEQAAANAGYDVEIPFEPGRVDAGPEHTDAPSFDALKPKVDGVRNYIQDDITRPAEEVLVDNADLLNLTASELTALIGGMRSIGANYQDTDLGVFTDEPETLTNDFFVNLLDMGTEWEPAADSEHRYKGLDRDTGEVKWEATRIDLIFGSNDRLRAISEVYGSADAEKKLVHDFVDTWSKVMKLDRFDLE,287
232,232,232,232,IAPPAVTISASYPGADAKTVQDTVTQVIEQNMNGIDNLMYMSSNSDSTGTVQITLTFESGTDADIAQVQVQNKLQLAMPLLPQEVQQQGVSVEKSSS,97
233,233,233,233,EDQGVFMTMVQLPAGATQERTQKVLNEVTHYYLTKEKNNVESVFAVNGFGFAGRGQNTGIAFVSLKDWADRPGEENKVEAITMRATRAFSQIKDAMVFAFNLPAIVE,107
234,234,234,234,YAMRIWMNPNELNKFQLTPVDVITAIKAQNAQVAAGQLGGTPPVKGQQLNASIIAQTRLTSTEEFGKILLKVNQDGSRVLLRDVAKIELGGE,92
235,235,235,235,PQFKIDIDQEKAQALGVSINDINTTLGAAWGGSYVNDFIDRGRVKKVYVMSEAKYRMLPDDIGDWYVRAADGQMVPFSAFSSSRWEYG,88
236,236,236,236,DRPIFAWVIAIIIMLAGGLAILKLPVAQYPTPFVKISIHEVVKTLVEAIILVFLVMYLFLQNFRATLIPTIAVPVVLLGTFAVLAAFGFSINTLTMFGMVLAIGLLVDDAIVVVENVERVMAEEGLPPKEATRKSMGQIQGALVGIAMVLSAVFVPMAFFGGSTGAIYRQFSITIVSAMALSVLVALILTPALCATMLK,199
237,237,237,237,FGWFNRMFEKSTHHYTDSVGGILRSTGRYLVLYLIIVVGMAYLFVRLPSSFLPDSGNQAPSLYAISLIVVFLCLAALYESWSIPFSVMLVVPLGVIGALLAATFRGLTNDVYFQVGLLTTIGLSAKNAILIVEFAKDLMDKEGKGLIEATLDAVRMRLRPILMTSLAFILGVMPLVISTGAGSGAQNAVGTGVMGGMVTATVLAIFFVPVFFVVVRRRFSRK,222
238,238,238,238,ETTALVCDNGSGLVKAGFAGDDAPRAVFPSIVGRPRHQGVMVGMGQKDSYVGDEAQSKRGILTLKYPIEHGIITNWDDMEKIWHHTFYNELRVAPEEHPTLLTEAPLNPKANREKMTQIMFETFNVPAMYVAIQAVLSLYASG,143
239,239,239,239,RTTGIVLDSGDGVTHNVPIYEGYALPHAIMRLDLAGRDLTDYLMKILTERGYSFVTTAEREIVRDIKEKLCYVALDFENEMATAASSSSLEKSYELPDGQVITIGNERFRCPETLFQPSFIGMESAGIHETTYNSIMKCDIDIRKDLYANNVMSGGTTMYPGIADRMQKEITALAPSTMKIKIIAPPERKYSVWIGGSILASLSTFQQMWITKQEYDEAGPSIVHR,226
240,240,240,240,HIVKIEVKGEEAVKKEAAEKLLEKVPSDVLEMYKAIGGKIYIVDGDITKHISLEALSEDKKKIKDIYGKDALLHEHYVYAKEGYEPVLVIQSSEDYVENTEKALNVYYEIGKILSRDILSKINQPYQKFLDVLNTIKNASDSDGQDLLFTNQLKEHPTDFSVEFLEQNSNEVQEVFAKAFAYYIEPQHRDVLQLYAPEAFNYMDKFNEQE,210
241,241,241,241,KLITFNVHNRYASNIVESAYLILNEWKNNIQSDLIKKVTNYLVDGNGRFVFTDITLPNIAEQYTHQDEIYEQVHSKGLYVPESRSILLHGPSKGVELRNDSEGFIHEFGHAVDDYAGYLLDKNQSDLVTNSKKFIDIFKEEGSNLTSYGRTNEAEFFAEAFRLMHSTDHAERLKVQKNAPKTFQFINDQIKFI,193
242,242,242,242,SPEEIAVLRRAGEITAMAHTRAMEKCRPGMFEYHLEGEIHHEFNRHGARYPSYNTIVGSGENGCILHYTENECEMRDGDLVLIDAGCEYKGYAGDITRTFPVNGK,105
243,243,243,243,FTQAQREIYDIVLESLETSLRLYRPGTSILEVTGEVVRIMVSGLVKLGILKGDVDELIAQNAHRPFFMHGLSHWLGLDVHDVGVYGQDRSRILEPGMVLTVEPGLYIAPDAEVPEQYRGIGIRIEDDIVITETGNENLTASVVKKPEEIEALMVAARKQ,159
244,244,244,244,MKTIGILGGMGPLATAELFRRIVIKTPAKRDQEHPKVIIFNNPQIPDRTAYILGKGEDPRPQLIWTAKRLEECGADFIIMPCNTAHAFVEDIRKAIKIPIISMIEETAKKVKELG,115
245,245,245,245,FKKAGLLATTGTIVSGVYEKEFSKYGVEIMTPTEDEQKDVMRGIYEGVKAGNLKLGRELLLKTAKILEERGAECIIAGCTEVSVVLKQDDLKVPLIDPMDVIAEVAVKVALEK,113
246,246,246,246,MEEVKKDVYSVWALPDEESEPRFKKLMEALRSEFTGPRFVPHVTVAVSAYLTADEAKKMFESACDGLKAYTATVDRVSTGTFFFQ,85
247,247,247,247,CVFLLLQTTPEVMEAGEHCKNHFNCSTTTPYMPHLSLLYAELTEEEKKNAQEKAYTLDSSLDGLSFRLNRLALCKTDTEDKTLETWETVAVCNLNPGS,98
248,248,248,248,AGLPVIMCLKSNNHQKYLRYQSDNIQQYGLLQFSADKILDPLAQFEVEPSKTY,53
249,249,249,249,DGLVHIKSRYTNKYLVRWSPNHYWITASANEPDENKSNWACTLFKPLYVEEGN,53
250,250,250,250,MKKVRLLHVQLGHYTQNYTVGGSFVSYLFAESSQIDTGSKDVFHVID,47
251,251,251,251,RMSMVVSGLTPEEFMLVYKFARKHHITLTNLITEETTHVVMKTDAFVCERTLKYFLGIAGGKWVVSYFWVTQSIKERKMLNEHDFEVRGDVVNGRNHQGPKRARESQD,108
252,252,252,252,RKIFRGLEICCYGPFTNMPTDQLEWMVQLCGASVVKELSSFTLGTGVHPIVVVQPDAWTGFHAIGQMCEAPVVTREWVLDSVALYQCQELDTYLIPQIP,99
253,253,253,253,MKVLLLKDAKEDDCGQDPYIRELGLYGLEATLIPVLSFEFLSLPSFSEKLSHPEDYGGLIFTSPRAVEAAELCLEQNNKTEVWERSLKEKWNAKSVYVVGNATASLVSKIGLDTEGETCGNAEKLAEYICSRESSA,136
254,254,254,254,LPLLFPCGNLKREILPKALKDKGIAMESITVYQTVAHPGIQGNLNSYYSQQGVPASITFFSPSGLTYSLKHIQELSGDNIDQIKFAAIGPTTARALAAQGLPVSCTAESPTPQALATGIRKALQ,124
255,255,255,255,LEGQAALALPAEGGVVIHCSSQHPSEIQHKVAHALGLAFHDVRVEMRRMGGGFGGKESQGNHLAIACAVAARATGRPCKMRYDRDD,86
256,256,256,256,DMVITGKRHDFRIRYRIGADASGKLLGADFVHLARCGWSADLSLPVCDRAMLHADGSYFVPALRIESHRLRTNTQSNTAFRGFGGPQGALGMERAIEHLARGMGRDPAELRALNFYDPP,119
257,257,257,257,LTHLNQAGALVQIYTDGSVALNHGGTEMGQGLHAKMVQVAAAVLGIDPVQVRITATDTSKVPNTSATAASSGADMNGMAVKDACETLRGRLAGFVAAREGCAARDVIFDAGQVQASGKSWRFAEIVAAAYMARISLSATGFYATPKLSWDRL,152
258,258,258,258,RGQGRPFLYFAYGAAITEVVIDRLTGENRILRTDILHDAGASLNPALDIGQIEGAYVQGAGWLTTEELVWDHCGRLMTHAPSTYKIPAFSDRPRIFNVALWDQPNREETIFRSKAVGEPPFLLGISAFLALHDACAACGPHWPDLQAPA,149
259,259,259,259,CPTLGEAVTDHPDRLWAWEKFVYLDEKQHAWLPLTIEIKDRLQLRVLLRREDVV,54
260,260,260,260,LGRPMTPTQIGPSLLPIMWQLYPDGRYRSSDSSFWRLVYHIKIDGVEDMLLELLPDD,57
261,261,261,261,AGVMTGAKFTQIQFGMTRQQVLDIAGAENCETGGSFGDSIHCRGHAAGDYYAYATFGFTSAAADAKVDSKSQEKLLAPS,79
262,262,262,262,APTLTLAKFNQVTVGMTRAQVLATVGQGSCTTWSEYYPAYPSTAGVTLSLSCFDVDGYSSTGFYRGSAHLWFTDGVLQGKRQWDLV,86
263,263,263,263,AATITTLTMRDSLYGRNEGMLQFYDSKNIHTKMDGNEIIQISVANANDINNVKTRIYGCKHFSVSVDSKGDNIIAIELGT,80
264,264,264,264,KYPLAYDFVWLTKSNPHKRDPMKNATIYAHSFLDSSIPMITTGKGENSIVVSRSGAYSEMTYRNGYEEAIRLQTMAQYDGYAKCSTIGNFNLTPGVKIIFNDSKNQFKTEFYVDEVIHELSNNNSVTHLYMFT,133
265,265,265,265,KAPTLPASIFRAYDIRGVVGDTLTAETAYWIGRAIGSESLARGEPCVAVGRDGRLSGPELVKQLIQGLVDCGCQVSDVGMVPTPVLYYAANVLEGKSGVMLTGAHNPPDYNGFKIVVAGETLANEQIQALRERIEKNDLASGVGSVEQ,148
266,266,266,266,VDILPRYFKQIRDDIAMAKPMKVVVDCGNGVAGVIAPQLIEALGCSVIPLYCEVDGNFPNHHPDPGKPENLKDLIAKVKAENADLGLAFDGDGDRVGVVTNTGTII,106
267,267,267,267,YPDRLLMLFAKDVVSRNPGADIIFDVKCTRRLIALISGYGGRPVMWKTGHSLIKKKMKETGALLAGEMSGHVFFKERWFGFDDGIYSAARLLEILSQDQRDSEHVFSAF,109
268,268,268,268,MLNQELELSLNMAFARAREHRHEFMTVEHLLLALLSNPSAREALEACSVDLVALRQELEAFIEQTTPVLPASE,73
269,269,269,269,EERDTQPTLSFQRVLQRAVFHVQSSGRNEVTGANVLVAIFSEQESQAAYLLRKHEVSRLDVVNFISHGT,69
270,270,270,270,ETLALKFENAAAGNKPEAVEVTFADFDGVLYHISNPNGDKTKVMVSISLKFYKELQAHGADELLKRVYGSYLVNPESGYNVSLLYDLENLPASKDSIVHQAGMLKRNCFA,110
271,271,271,271,SVFEKYFQFQEEGKEGENRAVIHYRDDETMYVESKKDRVTVVFSTVFKDDDDVVIGKVFMQEFKEGRRASHTAPQVLFSHREPPLELKDTDAAVGDNIGYITFVLFPRHTNASARDNTINLIHTFRDYLHY,131
272,272,272,272,RTGDTVYGFNSNTERDFYSATSSSSKLVFSVWDAGGNDTLDFSGFSQNQKINLNEKALSDVGGLKGNVSIAAGVTVENAIG,81
273,273,273,273,GAGADTFVYGDIAESSAAAPDTLRDFVSGQDKIDLSGLDAFVNGGLVLQYVDAFAGKAGQAILSYDAASKAGSLAIDFSGDAHADFAINLIGQATQADIVV,101
274,274,274,274,DRCRYTLCCDGALKAVSACLHESESCL,27
275,275,275,275,VPGDCCRGKSRLTLCSYGEGGNGFQCPTGYRQC,33
276,276,276,276,LLKVDPKRLQASLQTIVGMVVYSWAKVSKECMADLSIHYTYTLVLEDSKDDPYPTMVNYFDDLQAGREQAHPWWALVNEHFPNVLRHFGPFCSLNLIRSTLDFFEGCWIEQYNFG,115
277,277,277,277,GFPGSHDYPQFLRRMNGLGHCVGASLWPKEQFNERSLFLEITSAIAQMENWMVWVNDLMSFYKEFDDERDQISLVKNYVVSDEISLHEALEKLTQDTLHSSKQMVAVFSDKDPQVMDTIECFMHGYVTWHLCDRRYRL,138
278,278,278,278,SSITRSSVLDQEQLWGTLLASAAATRNPQVLADIGAEATDHLSAAARHAALGAAAIMGMNNVFYRGRGFLE,71
279,279,279,279,MNIIANPGIPKANFELWSFAVSAINGCSHCLVAHEHTLRTVGVDREAIFEALKAAAIVSGVAQALATIEALS,72
280,280,280,280,QIVRLRRRDQIRRLLQRDKTPLAILFMAAVVGTLTGLVGVAFEKAVSWVQNMRIGALVQVADHAFLLWPLAFILSALLAMVGYFLVRKFAPEAGGSGIPEIEGALEELRPVRWWRVLPVKFIGGMGTLGAGMVLGREGPTVQIGGNLGRMVLDVFRMRSAEARHTLLATGAAAGLSAAFNAPLAGILFIIEEMRPQFRYNLISIKAVFTGVIMSSIVFRIFNGEAPIIE,229
281,281,281,281,VGKLSDAPVNTLWLYLILGIIFGVVGPVFNSLVLRTQDMFQRFHGGEIKKWVLMGGAIGGLCGILGLIEPAAAGGGFNLIPIAAAGNFSVGLLLFIFITRVVTTLLCFSSGAPGGIFAPMLALGTLLGTAFGMAAAVLFPQYHLEAGTFAIAGMGALMAASVRAPLTGIVLVLEMTDNYQLILPMIITCLGATLLAQFLGGKPLYSTILARTLAKQDAEQAE,222
282,282,282,282,KKDRGVLKIVHGEETPMIGDRVYVHYNGKLANPFVFSIGKGQVIKAWDIGVATMKKGEICHLLCAYGATGSLPKIPSNATLFFEVELLDFK,91
283,283,283,283,GEDLLEDGGIIRRTKRRGEGYSNPNEGARVQIHLEGRCGGRVFDCRDVAFTVGEGEDHDIPIGIDKALEKMQREEQCILHLGPRYGFGEAGKPKFGIEPNAELIYEVTLKSFEKA,115
284,284,284,284,MGTELNSELAKAMKVDAQRGAFVSQVLPNSSAAKAGIKAGDVITSLNGKPISSFAALRAQVGTMPVGSKLTLGLLRDGKQVN,82
285,285,285,285,EMSNKGKDQGVVVNNVKTGTPAAQIGLKKGDVIIGANQQAVKNIAELRKVLDSKPSVLALNIQRGDSTIYLL,72
286,286,286,286,PLVANQVVTCPDKKSTAAVILTPTENHFTLKCPKTALTEPPTLAYSPNRQICPAGTTSSCTSKAVTLSSLIPEAEDSWWTGDSASLDTAGIKLTVPIEKFPVTTQTFVVGCIKGDDAQSCMVTVTVQA,128
287,287,287,287,NNVARCSYGADSTLGPVKLSAEGPTTMTLVCGKDGVKVPQDNNQYCSGTTLTGCNEKSFKDILPKLTENPWQGNASSDKGATLTIKKEAFPAESKSVIIGCTGGSPEKHHCTVKLEFAG,119
288,288,288,288,MITDLADNIERLKANDGLKFSQEYESIDPGQQFTWENSNLEVNKPKNRYANVIAYDHSRVILTSIDGVPGSDYINANYIDGYRKQNAYIATQGPLPETMGDFWRMVWEQRTATVVMMTRLEEKSRVKCDQYWPARGTETCGLIQVTLLDTVELATYTVRTFALHKSGSSEKRELRQFQFMAWPDHGVPEYPTPILAFLRRVKACNPLDAGPMVVHCSAGVGRTGCFIVIDAMLERMKHEKTVDIYGHVTCMRSQRNYMVQTEDQYVFIHEALLEAATCGHTEVPARNLYAHIQKLGQVPPGESVTAMELEFKLLASS,317
289,289,289,289,SRFISANLPCNKFKNRLVNIMPYELTRVCLQPIRGVEGSDYINASFLDGYRQQKAYIATQGPLAESTEDFWRMLWEHNSTIIVMLTKLREMGREKCHQYWPAERSARYQYFVVDPMAEYNMPQYILREFKVTDARDGQSRTIRQFQFTDWPEQGVPKTGEGFIDFIGQVHKTKEQFGQDGPITVHCSAGVGRTGVFITLSIVLERMRYEGVVDMFQTVKTLRTQRPAMVQTEDQYQLCYRAALEYLGSF,249
290,290,290,290,GFLVTRHSQTIDDPQCPSGTKILYHGYSLLYVQGNERAHGQDLGTAGSCLRKFSTMPFLFCNINNVCNFASRNDYSYWLSTPEPMPMSMAPITGENIRPFISRCAVCEAP,110
291,291,291,291,AMVMAVHSQTIQIPPCPSGWSSLWIGYSFVMHTSAGAEGSGQALASPGSCLEEFRSAPFIECHGRGTCNYYANAYSFWLATIERSEMFKKPTPSTLKAGELRTHVSRCQVCMRR,114
292,292,292,292,GIIINLDEGELCLNSAQCKSNCCQHDTILSLSRCALK,37
293,293,293,293,ARENSECSAFTLYGVYYKCPCERGLTCEGDKSLVGSITNTNFGICHNV,48
294,294,294,294,PFTIDTARSIFPETLAADVVPATIARFKQLSAEDQLALIWFAYLEMGKTITIAAPGAANMQFAENTLQEIRQMTPLQQTQAMCDLANRT,89
295,295,295,295,DTPICRTYASWSPNIKLGFWYELGRFMDQGLVAPIPEGYKLSANANAILVTIQGIDPGQQITVLRNCVVDMGFDTSKLGSYQRVA,85
296,296,296,296,GVSQLPLRYGMNPHQSPAQLYTTRPKLPLTVVNGSPGFINLCDALNAWQLVKELKQALGIPAAASFKHVSPAGAAVGIPLSEEEAQVCMVHDLHKTLTPLASAYARSRGADRMSSFGDFIALSDICDVPTAKIISREVSDGVVAPGYEEEALKILSKKKNGGYCVLQMDPNYEPDDNEIRTLYGLQLMQKRNNA,194
297,297,297,297,VIDRSLFKNIVTKNKTLPESAVRDLIVASIAVKYTQSNSVCYAKDGQVIGIGAGQQSRIHCTRLAGDKANSWWLRHHPRVLSMKFKAGVKRAEVSNAIDQYVTGTIGEDEDLVKWQAMFEEVPAQLTEAEKKQWIAKLTAVSLSSDAFFPFRDNVDRAKRIGVQFIVAPSGSAADEVVIEACNELGITLIHTNLRLFH,198
298,298,298,298,ETTEKTVNLTRYVKYIRGNAGIYKLPREDNSLKQGTLASHRCKALTVDREARNGGKLWYRLKNIGWTKAENLSLD,75
299,299,299,299,RYDKMEYDKGVTAYARVRNASGNSVWTKPYNTAGAKHVNKLSVYQGKNMRILREAKTPITTWYQFSIGGKVIGWVDTRALNTFYKQ,86
300,300,300,300,GDKGIYRHYMQKEIYEQPNAIKNTLTGRISHGQVDLSELGPNADELLSKVEHIQILACGTSYNSGMVSRYWFESLAGIPCDVEIASEFRYRKSAVRRNSLMITLSQSGETADTLAGLRLSKELGYLGSLAICNVPGSSLVRESDLALMTNAGTEIGVASTKAFTTQLTVLLMLVAKLSRLKGLDASIE,188
301,301,301,301,HDIVHGLQALPSRIEQMLSQDKRIEALAEDFSDKHHALFLGRGDQYPIALEGALKLKEISYIHAEAYAAGELKHGPLALIDADMPVIVVAPNNELLEKLKSNIEEVRARGGQLYVFADQDAGFVSSDNMHIIEMPHVEEVIAPIFYTVPLQLLAYHVALIKGTDVDQPRNLAKSVTVE,178
302,302,302,302,AHFFEGTEKLLEVWFSRQGSGDLRTIPRSEWDILLKDVQCSIISVTKTDKQEAYVLSEASMFVSKRRFILKTCGTTLLLKALVPLLKLARDYSGFDSIQSFFYSRKNFMKPSHQGYPHRNFQEEIEFLNAIFPNGAAYCMGRMNSDCWYLYTLDFPE,157
303,303,303,303,SRVISQPDQTLEILMSELDPAVMDQFYMKDGVTAKDVTRESGIRDLIPGSVIDATMFNPCGYSMNGMKSDGTYWTIHITPEPEFSYVSFETNLSQTSYDDLIRKVVEVFKPGKFVTTLFVNQSSKCRTVLASPQKIEGFKRLDCQSAMFNDYNFVFTSFAKK,162
304,304,304,304,FQGHMLLGTFNITLDAKNRISLPAKLRAFFEGSIVINRGFENCLEVRKPQDFQKYFEQFNSFPSTQKDTRTLKRLIFANA,80
305,305,305,305,NFVDVDTAGRVLIPNNLINDAKLDKEIVLIGQFDHLEIWDKKLYEDYLANSESLETVAERM,61
306,306,306,306,PLHAYFKLPNTVSLVAGSSEGETPLNAFDGALLNAGIGNVNLIRISAIMPPEAEIVPLPKLPMGALVPTAYGYIISDVKLGCAFAAAALWYK,92
307,307,307,307,KSLCGLIMEYEGKCSKKEAEKTVREMAKIGFEMRGWELDRIESIAVEHTVEPGETISAAISVAIPKD,67
308,308,308,308,ETEDHLESLICKVGEKSACSLESNLEGLAGVLEADLPNYKSKILRLLCTVARLLPEKLTIYTTLVGLLNARNYNFGGEFVEAMIRQLKESLKANNYNEAVYLVRFLSDLVNCHVIAA,117
309,309,309,309,PTCIYKYGDESSNSLPGHSVALCLAVAFKSKATNDEIFSILKDVPNFNPLKIEVFVQTLLHLAAKSFSHSFSALAKFHEVFKTLAESDEGKLHVLRVMFEVWRNHPQMIAVLVDKMIRTQIVDC,124
310,310,310,310,YHYEHETHAPLSPRIRKVGDIEFHACSDYIYLLMTLSKDPEKFNYALKDRVSIRRYVRKNQNRYNYFLIEERVQDNIVNRISDRLISYCTDKE,93
311,311,311,311,VTEDYIKKIDDYLWVEQRVIEEVSINVDHAREVKEKKRIMNDKKLIRMLFDTYEYVKDVKFTDDQYKDAAARISQFLIDVVDSYIIKPIPALP,93
312,312,312,312,LDPEYRLAYYREDVGINAHHWHWHLVYPSTWNPKYFGKKKDRKGELFYYMHQQMCARYDCERLSNGMHRMLPFNNFDEPLAGYAPHLTHVASGKYYS,97
313,313,313,313,PRPDGLKLRDLGDIEISEMVRMRERILDSIHLGYVISEDGSHKTLDELHGTDILGALVESSYESVNHEYYGNLHNWGHVTMARIHDPDGRFHEEPGVMSDTSTSLRDPIFYNWHRFIDNIFHEYKNTLK,129
314,314,314,314,IVTKDYSKESRVNENSKYGTLISDWYLKGRLTSLESQFINALGILETYHYGEKEYKDAKDKLMTRILGEDQYLLERKKVQYEEYKKLYKKYKEENPTSKVKMKTFDQYTIEDLTMREYNELTESLKSAVKDFEKDVEIIENQHHD,145
315,315,315,315,LKPFTDEMEEKATARVDDLANKAYSVYFAFVRDTQHKTEALELKAKVDLVLGDEDKPHRISNERIEKEMIKDLESIIEDFFIETGLNKPDNITSYDSSKHHYKNHSEGFEALVKETREAVTNANDSWKTKTVKKYG,136
316,316,316,316,AENGALRKFYEVIMDNGGAVLDDINSLTEVTILAPSNEAWNSSNINNVLRDRNKMRQILNMHIIKDRLNVDKIRQKNANLIAQVPTVNNNTFLYFNVRGEGSDTVITVEGGGVNATVIQADVAQTNGYVHIIDHVLGVPY,140
317,317,317,317,TTVLGKLESDPMMSDTYKMGKFSHFNDQLNNTQRRFTYFVPRDKGWQKTELDYPSAHKKLFMADFSYHSKSILERHLAISDKEYTMKDLVKFSQESGSVILPTFRDSLSIRVEEEAGRYVIIWNYKKINVYRPDVECTNGIIHVIDYPLLEEKDVV,156
318,318,318,318,DKSTSSCISTNALLPDPYESERVYVAESLISSAGEGLFSKVAVGPNTVMSFYNGVRITHQEVDSRDWALNGNTLSLDEETVIDVPEPYNHVSKYC,95
319,319,319,319,ASLGHKANHSFTPNCIYDMFVHPRFGPIKCIRTLRAVEADEELTVAYGYDHSPPGKSGPEAPEWYQVELKAFQATQQK,78
320,320,320,320,PLRGIAVGIKDIIDTANMPTEMGSEIYRGWQPRSDAPVVMMLKRAGATIIGKTTTTAFASRDPTATLNPHNTGHSPGGSSSGSAAAVGAGMIPLALGTQTGGSVIRPAAYCGTAAIKPSFRMLPTVGVKCYSWALDTVGLFGARAEDLARGLLAMTG,157
321,321,321,321,PAKAPRIGVVRQEFAGAVEPAAEQGLQAAIKAAERAGASVQAIDLPEAVHEAWRIHPIIQDFEAHRALAWEFSEHHDEIAPMLRASLDATVGLTPKEYDEARRIGRRGRRELGEVFEGVDVLLTYSAPGTAPAKALASTGDPRYNRLWTLMGNPCVNVPVLKVGGLPIGVQVIARFGNDAHALATAWFLED,191
322,322,322,322,NECLGTIGPVTPLDASDFALDIRMPGVTPKESDTYFCMSMRLPVDEEAFVIDFKPRASMDTVHHMLLFGCNMPSSTGSYWFCDEGTCTDKANILYAWARNAPPTRLPKGVGFRVGGETGSKYFVLQVHYGDISAFRDNHKDCSGVSVHLTRVPQPL,156
323,323,323,323,IAGMYLMMSVDTVIPPGEKVVNADISCQYKMYPMHVFAYRVHTHHLGKVVSGYRVRNGQWTLIGRQNPQLPQAFYPVEHPVDVTFGDILAARCVFTGEGRTEATHIGGTSSDEMCNLYIMYYMEAKYALSFMTCTKNVAPDMFRTIPAEANIPI,154
324,324,324,324,RMRFTIDQNMQFPLVEIDLEHGGSVYLQQGSMVYHTENVTLNTKLNGLGKLVGAIGRSMVSGESMFITQAMSNGDGKLALAPNT,84
325,325,325,325,PGQIVALELGEKQYRLNDGAFLALDGSAQYKMERQNIGGGLFVMTTEGLGTLLANSF,57
326,326,326,326,GAGSCVKMYHNSGEYAILQIWGEVFDILRAMGLNNDEVAAVLEDWKSKNFLKSYMLDISIAAARAKDKDGSYLTEHVMDRIGSKGTGLWSAQEALEIGVPAPSLNMAVVSRQFTMYKTERQANASNAPGITQSPGYTLKNKSPSGP,146
327,327,327,327,EIKQLYDSVCIAIISCYAQMFQCLREMDKVHNFGLNLPATIATFRAGCILQGYLLKPMTEAFEKNPNISNLMCAFQTEIRAGLQNYRDMVALITSKLEVSIPVLSASLNYVTAMFTPTLKYGQLVSLQRDVFGRHGYERVDKDGRESFQWPELQ,154
328,328,328,328,DEIGDAAKKLGDASYAFAKEVDWNNGIFLQAPGKLQPLEALKAIDKMIVMGAAADPKLLKAAAEAHHKAIGSISGPNGVTSRADWDNVNAALGRVIASVPENMVMDVYDSVSKITDPKVPAYMKSLVNGADAEKAYEGFLAFKDVVKKSQVTSAAG,156
329,329,329,329,PATVPSGDKIGVAAQQLSEASYPFLKEIDWLSDVYMKPLPGVSAQQSLKAIDKMIVMGAQADGNALKAAAEAHHKAIGSIDATGVTSAADYAAVNAALGRVIASVPKSTVMDVYNAMAGVTDTSIPLNMFSKVNPLDANAAAKAFYTFKDVVQAAQ,156
330,330,330,330,EPVKSSEWVLPTDFQFEQYTGMETMEFFGQFGEDEEDIYNELAENGFGHKIGGYASFTQHDPREYAYKEHTIMLLQIDSDDDIDSMWGDVGIANFFITPEDLRKKDFSNVLYNWDCSMNHLPEKMRPYRDLLEKSAKEYVKLN,143
331,331,331,331,VRKGKTGRYDSKIAGDPYFPKHETYPTDENGQPMKLLAQINFSHIPQLDGYPSSGILQFYISVHDDVYGLNFDDRCEQKNFRVIYFENIVENDDELVSDFSFIGTGECDFPILSEAAV,118
332,332,332,332,FKPAPHKARLPAAEIDPTYRRLRWQIFLGIFFGYAAYYLVRKNFALAMPYLVEQGFSRGDLGFALSGISIAYGFSKFIMGSVSDRSNPRVFLPAGLILAAAVMLFMGFVPWATSSIAVMFVLLFLCGWFQGMGWPPCGRTMVHWWSQKERGGIVSVWNCAHNVGGGIPPLLFLLGMAWFNDWHAALYMPAFCAILVALFAFAMMRDTPQSCGLPPIEEYKND,222
333,333,333,333,TAKQIFMQYVLPNKLLWYIAIANVFVYLLRYGILDWSPTYLKEVKHFALDKSSWAYFLYEYAGIPGTLLCGWMSDKVFRGNRGATGVFFMTLVTIATIVYWMNPAGNPTVDMICMIVIGFLIYGPVMLIGLHALELAPKKAAGTAAGFTGLFGYLGGSVAASAIVGYTVDFFGWDGGFMVMIGGSILAVILLIVVMIGEKRRHEQLLQELVP,212
334,334,334,334,SQLVECVPNFSEGKNQEVIDAISRAVAQTPGCVLLDVDSGPSTNRTVYTFVGRPEDVVEGALNAARAAYQLIDMSRHHGEHPRMGALDVCPFIPVRGVTMDECVRCAQAFGQRLAEELGVPVYLYGEAARTAGRQSLPALRAGEYEALPEKLKQAEWAPDFGPSAFVPSWGATVAG,176
335,335,335,335,ARKFLLAFNINLLSTREQAHRIALDLREQGRGKDQPGRLKKVQAIGWYLDEKNLAQVSTNLLDFEVTGLHTVFEETCREAQELSLPVVGSQLVGLVPLKALLDAAAFYCEKENLFLLQDEHRIRLVVNRLGLDSLAPFKPKERIIEYLV,149
336,336,336,336,MNFLSEQLLAHLNKEQQEAVRTTEGPLLIMAGAGSGKTRVLTHRIAYLMAEKHVAPNILAITFTNKAAREMRERVQSLLGGAAEDVWISTFHSMCVRILRRDIDRIGVPDVLHYYQYKFQYIHIDEYQDTNRAQYTLVKKLAERFQNICAVGDADQSIYRWRGADIQNILSFERDYPNAKVILLEQNYRSTKRILQAANEVIEHNVNRKPKRIWTENPEG,220
337,337,337,337,KPILYYEAMNEADEAQFVAGRIREAVERGERRYRDFAVLYRTNAQSRVMEEMLLKANIPYQIVGGLKFYDGDAVMLMTLHAAKGLEFPVVFLIGMEEGIFPHNRSLEDDDEMEEERRLAYVGITRAEEELVLTSAQMRTLFGNIQMDPPSRFLNEIPAHLLETASR,166
338,338,338,338,IEQCSDGWSFDATTLDDNGTMLFFKDEFVWKSHRGIRELISERWKNFIGPVDAAFRHGHTSVYLIKGDKVWVYTSEKNEKVYPKSLQDEFPGIPFPLDAAVECHRGECQDEGILFFQGNRKWFWDLTTGTKKERSWPAVGNCTSALRWLGRYYCFQGNQFLRFNPVSGEVPPGYPLDVRDYFLSCPGRGHRSSHR,195
339,339,339,339,HGHESTRCDPDLVLSAMVSDNHGATYVFSGSHYWRLDTNRDGWHSWPIAHQWPQGPSTVDAAFSWEDKLYLIQDTKVYVFLTKGGYTLVNGYPKRLEKELGSPPVISLEAVDAAFVCPGSSRLHIMAGRRLWWLDLKSGAQATWTELPWPHEKVDGALCMEKPLGPNSCSTSGPNLYLIHGPNLYCYRHVDKLNAAKNLPQPQRVSRLLGCTH,213
340,340,340,340,GAFMFTSESVGEGHPDKICDQISDAVLDAHLKQDPNAKVACETVCKTGMVLLCGEITSMAMIDYQRVVRDTIKHIGYDDSAKGFDFKTCNVLVALEQQSP,100
341,341,341,341,EDVGAGDQGLMFGYATDETEECMPLTIVLAHKLNTRMADLRRSGVLPWLRPDSKTQVTVQYVQDNGAVIPVRVHTIVISVQHNEDITLEAMREALKEQVIKAVVPAKYLDEDTIYHLQPSGRFV,124
342,342,342,342,QQSPYPMPSVKDISPGDLAEELRRNLVQPIVVGTGTKIKNSSAEEGKNLAPNQQVLILSDK,61
343,343,343,343,AEEVPDMYGWTKETAETLAKWLNIELEFQGSGSTVQKQDVRANTAIKDIKKITLTLGD,58
344,344,344,344,MIALDGAQGEGGGQILRSALSLSMITGQPFTITSIRAGRAKPGLLRQHLTAVKAATEICGATVEGAELGSQRLLFRPGTVR,81
345,345,345,345,GGDYRFAIGSAGSCTLVLQTVLPALWFADGPSRVEVSGGTDNPSAPPADFIRRVLEPLLAKIGIHQQTTLLRHGFYPAGGGVVATEVSPVASFN,94
346,346,346,346,TLQLGERGNIVQMRGEVLLAGVPRHVAEREIATLAGSFSLHEQNIHNLPRDQGPGNTVSLEVESENITERFFVVGEKRVSAEVVAAQLVKEVKRYLASTAAVGEYLADQLVLPMALAGAGEFTVAHPSCHLLTNIAVVERFLPVRFSLIETDGVTRVSI,159
347,347,347,347,DVRKVGYLRKPKSMHKRFFVLRAASEAGGPARLEYYENEKKWRHKSSAPKRSIPLESCFNINKRADSKNKHLVALYTRDEHFAIAADSEAEQDSWYQALLQLH,103
348,348,348,348,AFKEVWQVILKPKGLGQTKNLIGIYRLCLTSKTISFVKLNSEAAAVVLQLMNIRRCGHSENFFFIEVGRSAVTGPGEFWMQVDDSVVAQNMHETILEAMRAMSD,104
349,349,349,349,MKIYGIYMDRPLSQEENERFMTFISPEKREKCRRFYHKEDAHRTLLGDVLVRSVISRQYQLDKSDIRFSTQEYGKPCIPDLPDAHFNISHSGRWVIGAFDS,101
350,350,350,350,QPIGIDIEKTKPISLEIAKRFFSKTEYSDLLAKDKDEQTDYFYHLWSMKESFIKQEGKGLSLPLDSFSVRLHQDGQVSIELPDSHSPCYIKTYEVDPGYKMAVCAA,106
351,351,351,351,TDKVEDFKEDKEKAKEWGKEKEKEWKLTATEKGKMNNFLDNKNDIKTNYKEITFSMAGSFEDEIKDLKEIDKMFDKTNLSNSIITYKNVEPTTIGFNKSLTEGNTINSDAMAQFKEQFLDRDIKFDSYLDTHLTAQQVSSKERVILKVTVPSGKGSTTPTKAGVILNNSEYKMLIDNGYMVHVDKVSKVVKKGVECLQIEGTL,203
352,352,352,352,KKSLDFKNDINAEAHSWGMKNYEEWAKDLTDSQREALDGYARQDYKEINNYLRNQGGSGNEKLDAQIKNISDALGKKPIPENITVYRWCGMPEFGYQISDPLPSLKDFEEQFLNTIKEDKGYMSTSLSSERLAAFGSRKIILRLQVPKGSTGAYLSAIGGFASEKEILLDKDSKYHIDKVTEVIIKGVKRYVVDATLLT,199
353,353,353,353,APRAMAVIDPVKLVIENYQGEGEMVTMPNHPNKPEMGSRQVPFSGEIWIDRADFREEANKQYKRLVLGKEVRLRNAYVIKAERVEKDAEGNITTIFCTYDADTL,104
354,354,354,354,GVIHWVSAAHALPVEIRLYDRLFSVPNPGAADDFLSVINPESLVIKQGFAEPSLKDAVAGKAFQFEREGYFCLDSRHSTAEKPVFNRTVGLRDT,94
355,355,355,355,FACKTANGTAIPIGGGSANVYVNLAPVVNVGQNLVVDLSTQIFCHNDYPETITDYVTLQRGSAYGGVLSNFSGTVKYSGSSYPFPTTSETPRVVYNSRTDKPWPVALYLTPVSSAGGVAIKAGSLIAVLILRQTNNYNSDDFQFVWNIYANNDVVVPT,158
356,356,356,356,GGCDVSARDVTVTLPDYPGSVPIPLTVYCAKSQNLGYYLSGTTADAGNSIFTNTASFSPAQGVGVQLTRNGTIIPANNTVSLGAVGTSAVSLGLTANYARTGGQVTAGNVQSIIGVTFVYQ,121
357,357,357,357,AVKAARYGKDNVRVYKVHKDEKTGVQTVYEMTVCVLLEGEIETSYTKADNSVIVATDSIKNTIYITAKQNPVTPPELFGSILGTHFIEKYNHIHAAHVNIVCHRWTRMDIDGKPHPHSFIRDSEEKRNVQVDVVEG,136
358,358,358,358,KGIDIKSSLSGLTVLKSTNSQFWGFLRDEYTTLKETWDRILSTDVDATWQWKNFSGLQEVRSHVPKFDATWATAREVTLKTFAEDNSASVQATMYKMAEQILARQQLIETVEYSLPNKHYFEIDLSWHKGLQNTGKNAEVFAPQSDPNGLIKCTVGRS,158
359,359,359,359,KKLIPILEKIPEVELPVKEITFKEKLKWTGIVLVLYFIMGCIDVYTAGAQIPAIFEFWQTITASRIGTLITLGIGPIVTAGIIMQLLVGSGIIQMDLSIPENRALFQGCQKLLSIIMCFVEAVLFVGAGAFGILTPLLAFLVIIQIAFGSIILIYLDEIVSKYGIGSGIGLFIAAGVSQTIFVGALGPEGYLWKFLNSLIQGV,203
360,360,360,360,PNIEYIAPIIGTIIVFLMVVYAECMRVEIPLAHGRIKGAVGKYPIKFVYVSNIPVILAAALFANIQLWGLALYRMGIPILGHYEGGRAVDGIAYYLSTPYGLSSVISDPIHAIVYMIAMIITCVMFGIFWVETTGLDPKSMAKRIGSLGMAIKGFRKSEKAIEHRLKRYIPPLTVMSSAFVGFLATIANFIGALGGGTGVLLTVSIVYRMYEQLLREKVSELHPAIAKL,229
361,361,361,361,PIEIPAGVTVTVNGNTVTVKGPKGELTRTFHPDMTITVEGNVITVTRPSDEKHHRALHGTTRSLLANMVEG,71
362,362,362,362,VSKGYEKALELVGVGYRASKQGKKLVLSVGYSHPVEIEPEEGLEIEVPSQTKIIVKGADKQRVGELAANIRAVRPPEPYKGKGIRYEGELVRL,93
363,363,363,363,SPWYGPDRVKYLGPFSGESPSYLTGEFPGDYGWDTAGLSADPETFAKNRELEVIHCRWAMLGALGCVFPELLARNGVKFGEAVWFKAGSQIFSEGGLDYLGNPSLVHAQSILAIWACQVIL,121
364,364,364,364,MGAVEGYRIAGGPLGEVVDPLYPGGSFDPLGLADDPEAFAELKVKEIKNGRLAMFSMFGFFVQAIVTGKGPLENLADHLADPVNNNAWNFATNFVPG,97
365,365,365,365,MKIGIMSDTHDHLPNIRKAIEIFNDENVETVIHCGDFVSLFVIKEFENLNANIIATYGNNDGERCKLKEWLKDINEENIID,81
366,366,366,366,DFISVEIDDLKFFITHGHHQSVLEMAIKSGLYDVVIYGHTHERVFEEVDDVLVINPGECC,60
367,367,367,367,GCEEAGCPEGSACNIITDRCTCSGVRCRVHCPHGFQRSRYGCEFCKCRLEPMKA,54
368,368,368,368,TCDISECPEGMMCSRLTNKCDCKIDINCRKTCPNGLKRDKLGCEYCECRP,50
369,369,369,369,MDARIVNALIGSVYETIRDVLGIEPKTGKPSTVSHIEIPFGVILKLPISVFSEEDFDLHLSVK,63
370,370,370,370,GMEYNQLDELALSAIGELGNMTAGKLAMKLEHLGKHVDITPPTVVSGRDLKIKSHSLVTVIGITGGIEGSLIYSFSSETALKVVSAMMG,89
371,371,371,371,VRPLERIRQHVDAADDDGGTTSITATVKINGVETEISGSGNGPLAAFVHALADVG,55
372,372,372,372,FDVAVLDYYEHAMSAGDDAQAAAYVEASVTISKTVWGVGIAPSITTASLRAVVSAVNRAA,60
373,373,373,373,NRLLNEKVEEFKKGVLKAGWFIEKMFRNSISSLVERNESLAREVIADEEVVDQMEVEIQEKAMEVLGLFSPIGKPLLTVTAGIRVAELIENIADKCHDIAKNVLELMEEPPL,112
374,374,374,374,KPLEDIPAMANQTSEMLKFALRMFADVNVEKSFEVCRMDSKVDDLYEKVREELLLYMMESPKYVKRALLLLEIAGNIEIIADYATNIVEVSVYMVQGEAYKCYHDELLLFKK,112
375,375,375,375,QTLDGWYCLHDFRTIDWSAWKTLPNEEREAAISEFLALVDQWETTESEKQGSHAVYTIVGQKADILFMILRPTLDELHEIETALNKTKLADYLLPAYSYVSVVELSNYLASGSEDPYQIPEVRRRLYP,128
376,376,376,376,ILPKTNYICFYPMDKRRQGNDNWYMLSMEQRRELMRAHGMTGRKYAGKVTQIITGSVGLDDFEWGVTLFSDDALQFKKLVYEMRFDEVSARFGEFGSFFVGTRLPMENVSSFFHV,115
377,377,377,377,MMEILRGSPALSAFRINKLLARFQAANLQVHNIYAEYVHFADLNAPLNDSEQAQLTRLLQYGPALSSHT,69
378,378,378,378,PAGKLLLVTPRPGTISPWSSKATDIAHNCGLQQVDRLERGVAYYIEASTLTAEQWRQVAAELHDRMMETVFSSLTDAEKLFIH,83
379,379,379,379,EGGEPCACPHALHRVCGSDGETYSNPCTLNCAKFNGKPELVKVHDGPCEPDEDED,55
380,380,380,380,VCQECDGDEYKPVCGSDDITYDNNCRLECASISSSPGVELKHEGPCRT,48
381,381,381,381,QREALLAVTIPEEKGSFLKFCQLLGGRSVTEFNYRFADAKNACIFVGVRLSRGLEERKEILQMLNDGGYSVVDLSDDEMAKLHVRYMV,88
382,382,382,382,GGRPSHPLQERLYSFEFPESPGALLRFLNTLGTYWNISLFHYRSHGTDYGRVLAAFEYDCHDETNNPAFRFFLAG,75
383,383,383,383,SLNVLCNNPHTADCNNDAQVDRYFREGTTCLMSPACTSEGYASQHECQQACFVGGEDHSS,60
384,384,384,384,EMHSSCLGDPPTSCAEGTDITYYDSDSKTCKVLAASCPSGENTFESEVECQVACGAPIEG,60
385,385,385,385,CKYLCIASGTKVALFNRLRSQTVSTRYLHVEGNAFHASSTKWGAFTIHLFDDERGLQET,59
386,386,386,386,SCSEEPVSQLHKCAFQMIDNELVYLCLSHDKIIQHQATAINEHRHQINDGAAWTIIST,58
387,387,387,387,KDERRWMVQCGSFRGKENADSTLNRLKMAGHTNCIRLAAGG,41
388,388,388,388,GWNRVVIGPVKGAEQAETVRAQLAFEGFDSKITTNN,36
389,389,389,389,GEAREAVRLLLLRNDLHNLQALLRAKATGRPFEEVLLLPGTLREEVWRQAYEAQDPAGMAQVLAVPGHPLARALRAVLRETQDLARVEALLAKRFFEDVAK,101
390,390,390,390,PALRDYLALEVDAENLRTAFKLQGSGLAPDAFFLKGGRFVDRVRFARLMEGDYAVLDELSGTPFSGLSGVRDLKALERGLRCVLLKEAKKGVQDP,95
391,391,391,391,MRKAWVKTLALDRVSNTPVVILGIEGTNRVLPIWIGACEGHALALAMEKMEFPRPLTHDLLLSVLES,67
392,392,392,392,LEARVDKVIIHSLKDNTFYATLVIRDLTAALIDIDSRPSDAIILAVKTGAPIFVSDNLVEKHSIELEVNERDLIN,75
393,393,393,393,MDRIIEKLDHGWWVVSHEQKLWLPKGELPYGEAANFDLVGQRALQIGEWQGEPVWLVQQQRRHDMGSVRQVIDLDVGLFQLAGRGVQLAEFYRSHKYCGYCGHEMYPSKTEWAMLCSHCRERYYP,125
394,394,394,394,QIAPCIIVAIRRDDSILLAQHTRHRNGVHTVLAGFVEVGETLEQAVAREVMEESGIKVKNLRYVTSQPWPFPQSLMTAFMAEYDSGDIVIDPKELLEANWYRYDDLPLLPPPGTVARRLIEDTVAMCRAEY,131
395,395,395,395,MNIFEAIENRHSVRDFLERKMPERVKDDIENLLVKFITKKLDWKINLSSFPSYIYAKAEKHFDELVEYGFQGEQIVLFLTAQGFGTCWMARSPHPDVPYIIVFGYPRTRNFTR,113
396,396,396,396,KRRPITSFLENDLEELPPEIVKIVEMTILAPSALNRQPWKIKYTGGELCISSERPVDLGIALSHAYLTAREIFKREPVIQKRGEDTYCLILNP,93
397,397,397,397,TFEEFKDRLFALAKKNGVEVQISFLETREFSLRLANGDLDQYTDAGKFNVEIKVLKDGKTGTFRTQVLENPEKCFEEALSNLQVK,85
398,398,398,398,KEYFFEGGKEYREMETYVGRFEKLSVKEKMDMAKKAHESAAKDERVVMVPTVMYKDMVIKKIITNTLGLDVESQMDGGFLFAMAIARDANPRSGSWYELARTPEDLNPEEIGKRAAEEAISLIG,124
399,399,399,399,ADVTVEGDFYVGRQPHMPIEPDVAFAYMGDDGKCYIHSKSIGVHLHLYMIAPGVGLEPDQLVLVANPMGGTFGYKFSPTSEALVAVAAMATGRPVHLRYNYQQQQQYTGKRSPWEMNVKFAAKKDGTLLAMESDWLVDHGPYSEFGDLLTLRGAQFIGAGYNIPNIRGLGRTVATNHVWGSAFRGYGAPQSMFASECLMDMLAEKLGMDPLELRYKNAYRPGDTNPTGQEPEVFSLPDMIDQLRPKYQAALEKAQKEST,259
400,400,400,400,ATHKKGVGISIGVYGSGLDGPDASEAWAELNADGTITVHTAWEDHGQGADIGCVGTAHEALRPMGVAPEKIKFTWPNTATTPNSGPSGGSRQQVMTGNAIRVACENLLKACEKPGGGYYTYDELKAADKPTKITGNWTASGATHCDAVTGLGKPFVVYMYGVFMAEVTVDVATGQTTVDGMTLMADLGSLCNQLATDGQIYGGLAQGIGLALSEDFEDIKKHATLVGAGFPFIKQIPDKLDIVYVNHPRPDGPFGASGVGELPLTSPHAAIINAIKSATGVRIYRLPAYPEKVLEALKA,299
401,401,401,401,RVLLGVAGFQARAALANLFSELPSKEKQVVKEGATTLLWFEHPAERFLIVTDEATANMLTDKLRGEAELNNSQQWLALNIEAG,83
402,402,402,402,DWALATITGADSEKYMQGQVTADVSQMAEDQHLLAAHCDAKGKMWSNLRLFRDGDGFAWIERRSVREPQLTELKKYAVFSKVTIAPDDE,89
403,403,403,403,RTREYTSVITVPNGGHWGKWGIRQFCHSKICGLQTKVESPQGLRDDTALNNVRFFCCK,58
404,404,404,404,DGSVIESLVGKWGTWTSFLVCPTGYANGFALKVEPSQFGRDDTALNGIRLRCL,53
405,405,405,405,DEAVLVGDGLSWGRFGPWSKRCGYLVSFSLRSEKSQGGGDDTAANNIQFRCS,52
406,406,406,406,DDPVYDAEGNKLVNRGKYTIVSFSDGAGIDVVATGNENPEDPLSIVKSTRNIMYATSISSEDKTP,65
407,407,407,407,PQPRNILENMRLKINFATDPHKGDVWSVVDFQPDGQQLKLAGRYPNQVKGAFTIQKGSNT,60
408,408,408,408,PRTYKLLFCPVGSPCKNIGISTDPEGKKRLVVSYQSDPLVVKFHRH,46
409,409,409,409,EKLVQPTPLLLSLLKSAGAQKETFTMKEVIYHLGQYIMAKQLYDE,45
410,410,410,410,KQQHIVHCSNDPLGELFGVQEFSVKEPRRLYAMISRNLVSANV,43
411,411,411,411,MNGEVAPPKEDPVPLPELPCEKSDAYFVLRDGAAGVFLAANTFPKSRETRAPLVEELYRFRDR,63
412,412,412,412,LPEKLRYLADAPQQDPEGNKTMVRFSRKTKQQYVSSEKDGKATGWSAFYVDGKWVEGKK,59
413,413,413,413,SVKISDDISITQLSDKVYTYVSLAEIEGWGMVPSNGMIVINNHQAALLDTPINDAQTEMLVNWVTDSLHAKVTTFIPNHWHGDCIGGLGYLQRKGVQSYANQMTIDLAKEKGL,113
414,414,414,414,PVPEHGFTDSLTVSLDGMPLQCYYLGGGHATDNIVVWLPTENILFGGCMLKDNQATSIGNISDADVTAWPKTLDKVKAKFPSARYVVPGHGDYGGTELIEHTKQIVNQYIESTSK,115
415,415,415,415,AMSDLELRQCLPCGPGGKGRCFGPSICCGDELGCFVGTAEALRCQEENYLP,51
416,416,416,416,SPCQSGQKPCGSGGRCAAAGICCNDESCVTEPEC,34
417,417,417,417,MTNESILESYSGVTPERKKSRMPAKLDWWQSATGLFLGLFMIGHMFFVSTILLGDNVMLWVTKKFELDFIFEGGKPIVVSFLAAFVFAVFIAHAFLAMRKFPI,103
418,418,418,418,NYRQYLTFKTHKDLMRHGDTTLWWIQAMTGFAMFFLGSVHLYIMMTQPQTIGPVSSSFRMVSEWMWPLYLVLLFAVELHGSVGLYRLAVKWGWFDGETPDKTRANLKKLKTLMSAFLIVLGLLTFGAYVKKGLEQTDPNIDYKYFDYKRTH,151
419,419,419,419,KDTIALVVSTLNNPFFVSLKDGAQKEADKLGYNLVVLDSQNNPAKELANVQDLTVRGTKILLINPTDSDAVGNAVKMANQANIPVITLDRQATKGEVVSHIASDNVLGGKIAGDYIAKKAGE,122
420,420,420,420,GAKVIELQGIAGTSAARERGEGFQQAVAAHKFNVLASQPADFDRIKGLNVMQNLLTAHPDVQAVFAQNDEMALGALRALQTAGKSDVMVVGFDGTPDGEKAVNDGKLAATIAQLPDQIGAKGVETADKVLKGEKVQAKYPVDLKLVVKQ,149
421,421,421,421,ETVESCLAKPHTENSFTNVWKDDKTLDRYANYEGCLWNATGVVVCTGDETQCYGTWVPIGLAIPENPEYGDTPIPGYTYINP,82
422,422,422,422,LDGTYPPGTEQNPANPNPSLEESQPLNTFMFQNNRFRNRQGALTVYTGTVTQGTDPVKTYYQYTPVSSKAMYDAYWNGKFRDCAFHSGFNEDPFVCEYQGQSSDLPQPPVNAAA,114
423,423,423,423,ATANDMNRNVLCTSNPYESQLHAEAYEWAKKISEHLLPRTEPILGQTYLPRKFKTTVVIPPQNDIDLHANDMNFVAIAENGKLVGFNLLVGGGLSIEHGNKKTYARTASEFGYLPLEHTLAVAEAVVTTQRDWGNRTDRKNAKTKYTLERVGVETFKAEVERRAGIKFEPIRPYEFTGRGDR,182
424,424,424,424,PQRENSMACVSFPTCPLAMAEAERFLPSFIDNIDNLMAKHGVSDEHIVMRVTGCPNGCGRAMLAEVGLVGKAPGRYNLHLGGNRIGTRIPRMYKENITEPEILASLDELIGRWAKEREAGEGFGDFTVRAGIIRPVLDPARDLWD,145
425,425,425,425,KPAACRCSRQDPKNRVNCGFPGITSDQCFTSGCCFDSQVPGVPWCFKPLPAQE,53
426,426,426,426,SEECVMQVSARKNCGYPGISPEDCAARNCCFSDTIPEVPWCFFPMSVEDCHY,52
427,427,427,427,KEPEQLRKLFIGGLSFETTDESLRSHFEQWGTLTDCVVMRDPNTKRSRGFGFVTYATVEEVDAAMNARPHKVDGRVVEPKRAVSREDSQRPGAHLT,96
428,428,428,428,VKKIFVGGIKEDTEEHHLRDYFEQYGKIEVIEIMTDRGSGKKRGFAFVTFDDHDSVDKIVIQKYHTVNGHNCEVRKALSKQEMASAS,87
429,429,429,429,LGKFSQTCYNSAIQGSVLTSTCERTNGGYNTSSIDLNSVIENVDGSLKWQ,50
430,430,430,430,PSNFIETCRNTQLAGSSELAAECKTRAQQFVSTKINLDDHIANIDGTLKYE,51
431,431,431,431,IGDEPLENYLDTEYFGTIGIGTPAQDFTVIFDTGSSNLWVPSVYCSSLACSDHNQFNPDDSSTFEATSQELSITYGTGSMTGILGYDTVQVGGISDTNQIFGLSETEPGSFLYYAPFDGILGLAYPSISASGATPVFDNLWDQGLVSQDLFSVYLSSNDDSGSVVLLGGI,170
432,432,432,432,DSSYYTGSLNWVPVSVEGYWQITLDSITMDGETIACSGGCQAIVDTGTSLLTGPTSAIANIQSDIGASENSDGEMVISCSSIDSLPDIVFTIDGVQYPLSPSAYILQDDDSCTSGFEGMDVPTSSGELWILGDVFIRQYYTVFDRANNKVGLAPVA,156
433,433,433,433,CLQSLSRRIHFGKFVAEAKFQSDIPLYTKLIKSKDVEGIMKNITNSAVEEKILERLTKKAEVYGVDPTERRITPEYLVKIYKEIVIPITKMDFTKPETVLNLQNIRDELVRMEDS,115
434,434,434,434,IIFKFIERSHFATCPSVYEANHPGLEIPNFKGSFLDWALSNLEIAHSRIRRFESPDETPFFPDKIQKSFLPSINYPQILAPYAPEVNYNDKIKKVYIEKIIPLISKRDGDDKNNFGSVATRDIE,124
435,435,435,435,PQLKFAMQRDLGIFPTQLPQYLQTEKLARTQAAAIEREFGAQFAGSWIERNEDGSFKLVAATSGARKSSTLGGVEVRNVRY,81
436,436,436,436,SLKQLQSAMEQLDAGANAPLDGVQSWYVDPRSNAVVVKVDDGATDAGVDFVALSGADSAQVRIESSPGKLQTT,73
437,437,437,437,LRLRPDRVAMQDATAQMAMLQFISSGLPKVAVPSTIHCDHLIEAQLGGEKDLRRAKDINQEVYNFLATAGAKYGVGFWRPGSGIIHQIILENYAYPGVLLIGTDSHTPNGGGLGGICIGVGGADAVDVMAG,131
438,438,438,438,WPLDIRVGLIGSCTNSSYEDMGRSAAVAKQALAHGLKCKSQFTITPGSEQIRATIERDGYAQVLRDVGGIVLANACGPCIGQWDRKDIKKGEKNTIVTSYNRNFTGRNDANPETHAFVTSPEIVTALAIA,130
439,439,439,439,LLRCRLPGGVITTKQWQAIDKFAGENTIYGSIRLTNRQTFQFHGILPVHQMLHSVGLDAL,60
440,440,440,440,IGWVKGIDDNWHLTLFIENGRILDYPARPLKTGLLEIAKIHKGDFRITANQNLIIAGVPESEKAKIEKIAKESGLMNAVT,80
